{"v":"5.7.4","fr":30,"ip":0,"op":100,"w":1080,"h":1080,"nm":"step5","ddd":0,"assets":[],"layers":[{"ddd":0,"ind":1,"ty":4,"nm":"Layer 9 Outlines","sr":1,"ks":{"o":{"a":0,"k":100,"ix":11},"r":{"a":0,"k":0,"ix":10},"p":{"a":0,"k":[539.425,797.822,0],"ix":2,"l":2},"a":{"a":0,"k":[50.385,53.564,0],"ix":1,"l":2},"s":{"a":0,"k":[500,500,100],"ix":6,"l":2}},"ao":0,"shapes":[{"ty":"gr","it":[{"ind":0,"ty":"sh","ix":1,"ks":{"a":0,"k":{"i":[[0,0],[-2.58,-1.497],[0,0],[3.141,0.719],[0,0]],"o":[[0,0],[2.613,1.497],[0,0],[-3.109,-0.715],[0,0]],"v":[[-5.638,-0.391],[2.629,-0.781],[5.638,2.278],[-0.876,0.29],[-5.638,-0.393]],"c":true},"ix":2},"nm":"Path 1","mn":"ADBE Vector Shape - Group","hd":false},{"ty":"fl","c":{"a":0,"k":[0.505882352941,0.207843152214,0.113725497676,1],"ix":4},"o":{"a":0,"k":100,"ix":5},"r":1,"bm":0,"nm":"Fill 1","mn":"ADBE Vector Graphic - Fill","hd":false},{"ty":"tr","p":{"a":0,"k":[66.558,97.134],"ix":2},"a":{"a":0,"k":[0,0],"ix":1},"s":{"a":0,"k":[100,100],"ix":3},"r":{"a":0,"k":0,"ix":6},"o":{"a":0,"k":100,"ix":7},"sk":{"a":0,"k":0,"ix":4},"sa":{"a":0,"k":0,"ix":5},"nm":"Transform"}],"nm":"Group 1","np":2,"cix":2,"bm":0,"ix":1,"mn":"ADBE Vector Group","hd":false},{"ty":"gr","it":[{"ind":0,"ty":"sh","ix":1,"ks":{"a":0,"k":{"i":[[0,0],[-3.607,-0.913],[0,0],[2.382,0.13],[0,0]],"o":[[0,0],[3.57,0.911],[0,0],[-2.38,-0.094],[0,0]],"v":[[-6.697,1.219],[0.712,-2],[6.697,2.913],[-2.893,1.09],[-6.695,1.22]],"c":true},"ix":2},"nm":"Path 1","mn":"ADBE Vector Shape - Group","hd":false},{"ty":"fl","c":{"a":0,"k":[0.505882352941,0.207843152214,0.113725497676,1],"ix":4},"o":{"a":0,"k":100,"ix":5},"r":1,"bm":0,"nm":"Fill 1","mn":"ADBE Vector Graphic - Fill","hd":false},{"ty":"tr","p":{"a":0,"k":[80.182,91.195],"ix":2},"a":{"a":0,"k":[0,0],"ix":1},"s":{"a":0,"k":[100,100],"ix":3},"r":{"a":0,"k":0,"ix":6},"o":{"a":0,"k":100,"ix":7},"sk":{"a":0,"k":0,"ix":4},"sa":{"a":0,"k":0,"ix":5},"nm":"Transform"}],"nm":"Group 2","np":2,"cix":2,"bm":0,"ix":2,"mn":"ADBE Vector Group","hd":false},{"ty":"gr","it":[{"ind":0,"ty":"sh","ix":1,"ks":{"a":0,"k":{"i":[[0,0],[-2.418,-0.781],[0,0],[1.59,0.617]],"o":[[0,0],[2.413,0.813],[0,0],[-1.554,-0.618]],"v":[[-4.877,-0.846],[0.909,-2.083],[4.877,2.864],[-1.042,0.228]],"c":true},"ix":2},"nm":"Path 1","mn":"ADBE Vector Shape - Group","hd":false},{"ty":"fl","c":{"a":0,"k":[0.505882352941,0.207843152214,0.113725497676,1],"ix":4},"o":{"a":0,"k":100,"ix":5},"r":1,"bm":0,"nm":"Fill 1","mn":"ADBE Vector Graphic - Fill","hd":false},{"ty":"tr","p":{"a":0,"k":[52.67,84.021],"ix":2},"a":{"a":0,"k":[0,0],"ix":1},"s":{"a":0,"k":[100,100],"ix":3},"r":{"a":0,"k":0,"ix":6},"o":{"a":0,"k":100,"ix":7},"sk":{"a":0,"k":0,"ix":4},"sa":{"a":0,"k":0,"ix":5},"nm":"Transform"}],"nm":"Group 3","np":2,"cix":2,"bm":0,"ix":3,"mn":"ADBE Vector Group","hd":false},{"ty":"gr","it":[{"ind":0,"ty":"sh","ix":1,"ks":{"a":0,"k":{"i":[[0,0],[-2.578,1.172],[-0.727,-1.073],[2.217,-0.879]],"o":[[0,0],[2.579,-1.203],[0.694,1.075],[-2.217,0.879]],"v":[[-6.596,3.091],[-1.902,-1.888],[5.902,0.682],[-2.1,1.366]],"c":true},"ix":2},"nm":"Path 1","mn":"ADBE Vector Shape - Group","hd":false},{"ty":"fl","c":{"a":0,"k":[0.505882352941,0.207843152214,0.113725497676,1],"ix":4},"o":{"a":0,"k":100,"ix":5},"r":1,"bm":0,"nm":"Fill 1","mn":"ADBE Vector Graphic - Fill","hd":false},{"ty":"tr","p":{"a":0,"k":[46.882,92.383],"ix":2},"a":{"a":0,"k":[0,0],"ix":1},"s":{"a":0,"k":[100,100],"ix":3},"r":{"a":0,"k":0,"ix":6},"o":{"a":0,"k":100,"ix":7},"sk":{"a":0,"k":0,"ix":4},"sa":{"a":0,"k":0,"ix":5},"nm":"Transform"}],"nm":"Group 4","np":2,"cix":2,"bm":0,"ix":4,"mn":"ADBE Vector Group","hd":false},{"ty":"gr","it":[{"ind":0,"ty":"sh","ix":1,"ks":{"a":0,"k":{"i":[[-5.325,-3.482],[0,0],[2.777,-0.356],[0,0]],"o":[[3.34,2.178],[0,0],[-2.744,0.327],[1.653,-3.904]],"v":[[2.547,-0.879],[6.382,4.361],[-1.488,1.105],[-6.382,2.733]],"c":true},"ix":2},"nm":"Path 1","mn":"ADBE Vector Shape - Group","hd":false},{"ty":"fl","c":{"a":0,"k":[0.505882352941,0.207843152214,0.113725497676,1],"ix":4},"o":{"a":0,"k":100,"ix":5},"r":1,"bm":0,"nm":"Fill 1","mn":"ADBE Vector Graphic - Fill","hd":false},{"ty":"tr","p":{"a":0,"k":[31.788,91.96],"ix":2},"a":{"a":0,"k":[0,0],"ix":1},"s":{"a":0,"k":[100,100],"ix":3},"r":{"a":0,"k":0,"ix":6},"o":{"a":0,"k":100,"ix":7},"sk":{"a":0,"k":0,"ix":4},"sa":{"a":0,"k":0,"ix":5},"nm":"Transform"}],"nm":"Group 5","np":2,"cix":2,"bm":0,"ix":5,"mn":"ADBE Vector Group","hd":false},{"ty":"gr","it":[{"ind":0,"ty":"sh","ix":1,"ks":{"a":0,"k":{"i":[[0,0],[-1.851,-1.464],[0,0],[4.43,0.425],[0,0]],"o":[[0,0],[1.819,1.464],[0,0],[-4.431,-0.424],[0,0]],"v":[[-1.852,-2.961],[4.629,-1.497],[6.877,2.961],[-1.819,-0.229],[-6.877,-0.424]],"c":true},"ix":2},"nm":"Path 1","mn":"ADBE Vector Shape - Group","hd":false},{"ty":"fl","c":{"a":0,"k":[0.505882352941,0.207843152214,0.113725497676,1],"ix":4},"o":{"a":0,"k":100,"ix":5},"r":1,"bm":0,"nm":"Fill 1","mn":"ADBE Vector Graphic - Fill","hd":false},{"ty":"tr","p":{"a":0,"k":[17.172,89.647],"ix":2},"a":{"a":0,"k":[0,0],"ix":1},"s":{"a":0,"k":[100,100],"ix":3},"r":{"a":0,"k":0,"ix":6},"o":{"a":0,"k":100,"ix":7},"sk":{"a":0,"k":0,"ix":4},"sa":{"a":0,"k":0,"ix":5},"nm":"Transform"}],"nm":"Group 6","np":2,"cix":2,"bm":0,"ix":6,"mn":"ADBE Vector Group","hd":false},{"ty":"gr","it":[{"ind":0,"ty":"sh","ix":1,"ks":{"a":0,"k":{"i":[[0,0],[-1.622,-0.065],[-0.927,-0.412],[-2.347,0.975],[0,0],[-0.995,1.171],[0,0],[-0.923,1.142],[-0.331,-0.165],[-0.894,0],[0,0],[0,0],[1.019,-0.321],[0,0],[1.458,0],[0,0],[-0.858,-0.781],[0,0],[0.86,-0.063],[0,0],[-1.059,-0.879],[-0.529,-0.814],[1.322,-0.619],[0.761,-0.879],[0.349,-0.087],[0,0],[1.721,0.944],[0,0]],"o":[[0,0],[1.016,0.04],[0,0],[2.315,-0.947],[0,0],[1.025,-1.136],[0,0],[0.962,-1.172],[0.362,0.163],[0.894,0],[0,0],[-1.051,0.2],[-1.787,0.521],[0,0],[-1.421,0],[0,0],[0.827,0.748],[0,0],[-0.859,0.062],[0,0],[0.694,0.585],[-1.554,-0.685],[-0.993,0.455],[-0.357,0.043],[-1.62,0.421],[0,0],[-1.72,-0.975],[0,0]],"v":[[-17.033,6.279],[-13.592,3.482],[-10.65,4.165],[-8.336,-0.096],[-4.896,-0.617],[-3.805,-4.391],[-1.292,-5.368],[1.915,-8.007],[5.422,-9.829],[8.596,-12.107],[10.617,-10.87],[17.033,-5.958],[13.924,-5.176],[11.51,-3.387],[7.372,-5.078],[5.16,-3.516],[9.889,-1.922],[11.773,0.876],[4.003,2.012],[1.452,4.396],[5.62,6.122],[7.702,8.758],[2.975,8.27],[0.262,10.482],[-0.797,10.678],[-3.876,12.107],[-7.381,8.495],[-14.258,8.887]],"c":true},"ix":2},"nm":"Path 1","mn":"ADBE Vector Shape - Group","hd":false},{"ty":"fl","c":{"a":0,"k":[0.505882352941,0.207843152214,0.113725497676,1],"ix":4},"o":{"a":0,"k":100,"ix":5},"r":1,"bm":0,"nm":"Fill 1","mn":"ADBE Vector Graphic - Fill","hd":false},{"ty":"tr","p":{"a":0,"k":[40.487,78.976],"ix":2},"a":{"a":0,"k":[0,0],"ix":1},"s":{"a":0,"k":[100,100],"ix":3},"r":{"a":0,"k":0,"ix":6},"o":{"a":0,"k":100,"ix":7},"sk":{"a":0,"k":0,"ix":4},"sa":{"a":0,"k":0,"ix":5},"nm":"Transform"}],"nm":"Group 7","np":2,"cix":2,"bm":0,"ix":7,"mn":"ADBE Vector Group","hd":false}],"ip":0,"op":100,"st":0,"bm":0},{"ddd":0,"ind":2,"ty":4,"nm":"dust5","sr":1,"ks":{"o":{"a":0,"k":100,"ix":11},"r":{"a":0,"k":200,"ix":10},"p":{"s":true,"x":{"a":1,"k":[{"i":{"x":[0.833],"y":[0.833]},"o":{"x":[0.167],"y":[0.167]},"t":0,"s":[535.385]},{"t":5,"s":[551.635]}],"ix":3},"y":{"a":1,"k":[{"i":{"x":[0.833],"y":[1]},"o":{"x":[0.124],"y":[-1.177]},"t":0,"s":[869.252]},{"t":5,"s":[874.002]}],"ix":4}},"a":{"a":0,"k":[-5.551,316.252,0],"ix":1,"l":2},"s":{"a":0,"k":[100,100,100],"ix":6,"l":2}},"ao":0,"shapes":[{"ty":"gr","it":[{"ind":0,"ty":"sh","ix":1,"ks":{"a":0,"k":{"i":[[-11.046,0],[0,-11.046],[11.046,0],[3.238,10.56]],"o":[[11.046,0],[0,11.046],[-11.046,0],[-4.035,-13.159]],"v":[[-1.812,-14.004],[20,0],[0,10.5],[-20,0]],"c":true},"ix":2},"nm":"Path 1","mn":"ADBE Vector Shape - Group","hd":false},{"ty":"fl","c":{"a":0,"k":[0.341176470588,0.133333333333,0.078431372549,1],"ix":4},"o":{"a":0,"k":100,"ix":5},"r":1,"bm":0,"nm":"Fill 1","mn":"ADBE Vector Graphic - Fill","hd":false},{"ty":"tr","p":{"a":0,"k":[-5,321],"ix":2},"a":{"a":0,"k":[0,0],"ix":1},"s":{"a":0,"k":[100,100],"ix":3},"r":{"a":0,"k":0,"ix":6},"o":{"a":0,"k":100,"ix":7},"sk":{"a":0,"k":0,"ix":4},"sa":{"a":0,"k":0,"ix":5},"nm":"Transform"}],"nm":"Ellipse 1","np":3,"cix":2,"bm":0,"ix":1,"mn":"ADBE Vector Group","hd":false}],"ip":0,"op":100,"st":0,"bm":0},{"ddd":0,"ind":3,"ty":4,"nm":"dust4","sr":1,"ks":{"o":{"a":0,"k":100,"ix":11},"r":{"a":0,"k":0,"ix":10},"p":{"s":true,"x":{"a":1,"k":[{"i":{"x":[0.833],"y":[0.833]},"o":{"x":[0.167],"y":[0.167]},"t":0,"s":[539.135]},{"t":5,"s":[525.385]}],"ix":3},"y":{"a":1,"k":[{"i":{"x":[0.833],"y":[1]},"o":{"x":[0.124],"y":[0.276]},"t":0,"s":[893.002]},{"t":5,"s":[872.752]}],"ix":4}},"a":{"a":0,"k":[-5.551,316.252,0],"ix":1,"l":2},"s":{"a":0,"k":[100,100,100],"ix":6,"l":2}},"ao":0,"shapes":[{"ty":"gr","it":[{"ind":0,"ty":"sh","ix":1,"ks":{"a":0,"k":{"i":[[-11.046,0],[0,-11.046],[11.046,0],[-5.172,9.76]],"o":[[11.046,0],[0,11.046],[-11.046,0],[5.565,-10.5]],"v":[[0,-20],[20,0],[0,10.5],[-20,0]],"c":true},"ix":2},"nm":"Path 1","mn":"ADBE Vector Shape - Group","hd":false},{"ty":"fl","c":{"a":0,"k":[0.341176470588,0.133333333333,0.078431372549,1],"ix":4},"o":{"a":0,"k":100,"ix":5},"r":1,"bm":0,"nm":"Fill 1","mn":"ADBE Vector Graphic - Fill","hd":false},{"ty":"tr","p":{"a":0,"k":[-5,321],"ix":2},"a":{"a":0,"k":[0,0],"ix":1},"s":{"a":0,"k":[100,100],"ix":3},"r":{"a":0,"k":0,"ix":6},"o":{"a":0,"k":100,"ix":7},"sk":{"a":0,"k":0,"ix":4},"sa":{"a":0,"k":0,"ix":5},"nm":"Transform"}],"nm":"Ellipse 1","np":3,"cix":2,"bm":0,"ix":1,"mn":"ADBE Vector Group","hd":false}],"ip":0,"op":100,"st":0,"bm":0},{"ddd":0,"ind":4,"ty":4,"nm":"Layer 49 Outlines","sr":1,"ks":{"o":{"a":0,"k":100,"ix":11},"r":{"a":0,"k":0,"ix":10},"p":{"a":0,"k":[491.422,328.829,0],"ix":2,"l":2},"a":{"a":0,"k":[149.483,139.344,0],"ix":1,"l":2},"s":{"a":1,"k":[{"i":{"x":[0,0,0.667],"y":[1,1,1]},"o":{"x":[0.333,0.333,0.333],"y":[0,0,0]},"t":50,"s":[0,0,100]},{"t":90,"s":[200,200,100]}],"ix":6,"l":2}},"ao":0,"shapes":[{"ty":"gr","it":[{"ind":0,"ty":"sh","ix":1,"ks":{"a":0,"k":{"i":[[-0.738,-0.005],[-1.108,-1.064],[-0.087,-1.535],[0.252,-0.688],[0.505,-0.53],[0.674,-0.284],[0.732,0.009],[1.106,1.047],[0.105,1.521],[-0.25,0.697],[-0.506,0.538],[-0.678,0.291]],"o":[[1.535,0.023],[1.107,1.064],[0.042,0.731],[-0.253,0.688],[-0.506,0.53],[-0.675,0.284],[-1.521,-0.018],[-1.107,-1.046],[-0.05,-0.738],[0.249,-0.696],[0.506,-0.538],[0.679,-0.29]],"v":[[-0.287,-5.692],[3.824,-4.001],[5.682,0.043],[5.363,2.195],[4.213,4.041],[2.424,5.275],[0.292,5.692],[-3.795,4.036],[-5.679,0.043],[-5.376,-2.132],[-4.231,-4.003],[-2.435,-5.26]],"c":true},"ix":2},"nm":"Path 1","mn":"ADBE Vector Shape - Group","hd":false},{"ty":"fl","c":{"a":0,"k":[1,0.909803981407,0.094117654539,1],"ix":4},"o":{"a":0,"k":100,"ix":5},"r":1,"bm":0,"nm":"Fill 1","mn":"ADBE Vector Graphic - Fill","hd":false},{"ty":"tr","p":{"a":0,"k":[142.198,128.222],"ix":2},"a":{"a":0,"k":[0,0],"ix":1},"s":{"a":0,"k":[100,100],"ix":3},"r":{"a":0,"k":0,"ix":6},"o":{"a":0,"k":100,"ix":7},"sk":{"a":0,"k":0,"ix":4},"sa":{"a":0,"k":0,"ix":5},"nm":"Transform"}],"nm":"Group 2","np":2,"cix":2,"bm":0,"ix":1,"mn":"ADBE Vector Group","hd":false},{"ty":"gr","it":[{"ind":0,"ty":"sh","ix":1,"ks":{"a":1,"k":[{"i":{"x":0,"y":1},"o":{"x":0.495,"y":0},"t":50,"s":[{"i":[[0,0],[0.713,2.729],[-2.322,1.111],[0,0],[-3.056,-1.439],[0,0],[3.309,-1.519],[0,0],[0.528,-1.481],[3.252,0.425],[0,0],[2.109,2.09],[0.313,2.167],[0,0]],"o":[[0,0],[-0.44,-2.169],[2.288,-0.906],[0,0],[3.572,2.307],[4.279,0.019],[-3.03,1.795],[0,0],[-1.201,1.545],[-3.217,-0.421],[0,0],[-1.252,-1.241],[-0.696,-2.299],[0,0]],"v":[[-14.046,-2.526],[-16.965,-6.567],[-13.498,-12.008],[-8.656,-11.838],[-1.526,-11.331],[4.107,-7.603],[7.381,5.318],[3.113,7.1],[2.239,10.466],[-4.232,12.882],[-9.661,10.757],[-13.75,6.896],[-16.709,1.487],[-14.057,-2.536]],"c":true}]},{"t":90,"s":[{"i":[[0,0],[2.157,7.554],[-8.293,-2.659],[0,0],[-12.107,-3.575],[0,0],[17.246,-7.392],[0,0],[-1.486,-5.649],[6.806,-1.078],[0,0],[5.723,-1.328],[1.988,4.902],[0,0]],"o":[[0,0],[-2.239,-7.48],[8.292,2.577],[0,0],[12.105,3.656],[12.44,-13.296],[-6.551,2.901],[0,0],[0.915,3.656],[-17.329,2.744],[0,0],[-3.979,0.913],[-4.893,-11.8],[0,0]],"v":[[-14.046,-2.526],[-30.796,-10.745],[-20.846,-22.958],[-8.656,-11.838],[1.212,-26.459],[4.107,-7.603],[18.62,7.767],[3.113,7.1],[11.316,17.238],[4.268,27.29],[-9.661,10.757],[-19.945,18.566],[-30.973,12.005],[-14.057,-2.536]],"c":true}]}],"ix":2},"nm":"Path 1","mn":"ADBE Vector Shape - Group","hd":false},{"ty":"fl","c":{"a":0,"k":[1,1,1,1],"ix":4},"o":{"a":0,"k":100,"ix":5},"r":1,"bm":0,"nm":"Fill 1","mn":"ADBE Vector Graphic - Fill","hd":false},{"ty":"tr","p":{"a":0,"k":[148.251,137.797],"ix":2},"a":{"a":0,"k":[1,10],"ix":1},"s":{"a":0,"k":[100,100],"ix":3},"r":{"a":0,"k":0,"ix":6},"o":{"a":0,"k":100,"ix":7},"sk":{"a":0,"k":0,"ix":4},"sa":{"a":0,"k":0,"ix":5},"nm":"Transform"}],"nm":"Group 3","np":2,"cix":2,"bm":0,"ix":2,"mn":"ADBE Vector Group","hd":false}],"ip":50,"op":100,"st":-10,"bm":0},{"ddd":0,"ind":5,"ty":4,"nm":"Layer 48 Outlines","sr":1,"ks":{"o":{"a":0,"k":100,"ix":11},"r":{"a":0,"k":0,"ix":10},"p":{"a":0,"k":[597.474,270.893,0],"ix":2,"l":2},"a":{"a":0,"k":[202.237,109.947,0],"ix":1,"l":2},"s":{"a":1,"k":[{"i":{"x":[0,0,0.667],"y":[1,1,1]},"o":{"x":[0.333,0.333,0.333],"y":[0,0,0]},"t":50,"s":[0,0,100]},{"t":80,"s":[200,200,100]}],"ix":6,"l":2}},"ao":0,"shapes":[{"ty":"gr","it":[{"ind":0,"ty":"sh","ix":1,"ks":{"a":0,"k":{"i":[[-0.735,0.001],[-0.082,-3.157],[0.25,-0.691],[0.507,-0.532],[0.677,-0.282],[0.733,0.015],[0.164,3.157],[-0.251,0.693],[-0.505,0.536],[-0.675,0.292]],"o":[[3.151,0],[0.048,0.733],[-0.25,0.69],[-0.506,0.531],[-0.678,0.281],[-3.067,0],[-0.043,-0.735],[0.252,-0.693],[0.504,-0.537],[0.675,-0.293]],"v":[[-0.293,-5.69],[5.677,0.039],[5.371,2.199],[4.223,4.052],[2.428,5.285],[0.289,5.689],[-5.68,0.039],[-5.365,-2.126],[-4.219,-3.989],[-2.431,-5.245]],"c":true},"ix":2},"nm":"Path 1","mn":"ADBE Vector Shape - Group","hd":false},{"ty":"fl","c":{"a":0,"k":[1,0.909803981407,0.094117654539,1],"ix":4},"o":{"a":0,"k":100,"ix":5},"r":1,"bm":0,"nm":"Fill 1","mn":"ADBE Vector Graphic - Fill","hd":false},{"ty":"tr","p":{"a":0,"k":[202.238,110.026],"ix":2},"a":{"a":0,"k":[0,0],"ix":1},"s":{"a":0,"k":[100,100],"ix":3},"r":{"a":0,"k":0,"ix":6},"o":{"a":0,"k":100,"ix":7},"sk":{"a":0,"k":0,"ix":4},"sa":{"a":0,"k":0,"ix":5},"nm":"Transform"}],"nm":"Group 2","np":2,"cix":2,"bm":0,"ix":1,"mn":"ADBE Vector Group","hd":false},{"ty":"gr","it":[{"ind":0,"ty":"sh","ix":1,"ks":{"a":1,"k":[{"i":{"x":0,"y":1},"o":{"x":0.675,"y":0},"t":50,"s":[{"i":[[0,0],[0.431,2.339],[-2.7,0.476],[0,0],[-5.96,-1.996],[0,0],[3.247,-1.593],[0,0],[0.827,-2.339],[2.28,-0.072],[0,0],[3.162,0.45],[-0.696,3.068],[0,0]],"o":[[0,0],[-0.298,-1.854],[2.793,-0.493],[0,0],[4.43,1.285],[5.362,0.737],[-2.221,1.324],[0,0],[-0.758,2.144],[-4.175,0.131],[0,0],[-2.489,-0.644],[0.702,-3.095],[0,0]],"v":[[-14.089,-2.524],[-18.081,-7.199],[-13.517,-12.57],[-8.619,-11.84],[-1.119,-13.072],[4.147,-7.602],[9.178,5.482],[3.068,7.188],[3.158,12.135],[-3.343,15.444],[-9.62,10.761],[-14.979,10.366],[-19.446,2.973],[-14.096,-2.536]],"c":true}]},{"t":80,"s":[{"i":[[0,0],[2.239,7.474],[-8.291,-2.574],[0,0],[-12.107,-3.655],[0,0],[17.164,-7.477],[0,0],[-1.494,-5.649],[6.717,-1.08],[0,0],[5.638,-1.33],[1.991,4.82],[0,0]],"o":[[0,0],[-2.154,-7.56],[8.292,2.659],[0,0],[12.105,3.573],[12.437,-13.209],[-6.551,2.824],[0,0],[0.912,3.655],[-17.333,2.741],[0,0],[-3.981,0.998],[-4.891,-11.797],[0,0]],"v":[[-14.089,-2.524],[-30.841,-10.662],[-20.808,-22.96],[-8.619,-11.84],[1.251,-26.378],[4.147,-7.602],[18.657,7.851],[3.068,7.188],[11.361,17.239],[4.313,27.292],[-9.62,10.761],[-19.901,18.568],[-30.93,12.088],[-14.096,-2.536]],"c":true}]}],"ix":2},"nm":"Path 1","mn":"ADBE Vector Shape - Group","hd":false},{"ty":"fl","c":{"a":0,"k":[1,1,1,1],"ix":4},"o":{"a":0,"k":100,"ix":5},"r":1,"bm":0,"nm":"Fill 1","mn":"ADBE Vector Graphic - Fill","hd":false},{"ty":"tr","p":{"a":0,"k":[207.329,109.599],"ix":2},"a":{"a":0,"k":[0,0],"ix":1},"s":{"a":0,"k":[100,100],"ix":3},"r":{"a":0,"k":0,"ix":6},"o":{"a":0,"k":100,"ix":7},"sk":{"a":0,"k":0,"ix":4},"sa":{"a":0,"k":0,"ix":5},"nm":"Transform"}],"nm":"Group 3","np":2,"cix":2,"bm":0,"ix":2,"mn":"ADBE Vector Group","hd":false}],"ip":50,"op":100,"st":0,"bm":0},{"ddd":0,"ind":6,"ty":4,"nm":"Layer 47 Outlines","sr":1,"ks":{"o":{"a":0,"k":100,"ix":11},"r":{"a":0,"k":0,"ix":10},"p":{"a":0,"k":[554.672,514.579,0],"ix":2,"l":2},"a":{"a":0,"k":[180.836,231.79,0],"ix":1,"l":2},"s":{"a":1,"k":[{"i":{"x":[0,0,0.667],"y":[1,1,1]},"o":{"x":[0.333,0.333,0.333],"y":[0,0,0]},"t":55,"s":[0,0,100]},{"t":94,"s":[200,200,100]}],"ix":6,"l":2}},"ao":0,"shapes":[{"ty":"gr","it":[{"ind":0,"ty":"sh","ix":1,"ks":{"a":0,"k":{"i":[[-0.736,0.001],[-0.084,-3.157],[0.251,-0.69],[0.506,-0.531],[0.677,-0.282],[0.733,0.015],[0.166,3.157],[-0.251,0.693],[-0.504,0.536],[-0.676,0.293]],"o":[[3.151,0],[0.048,0.733],[-0.251,0.691],[-0.507,0.531],[-0.677,0.282],[-3.069,0],[-0.043,-0.736],[0.252,-0.693],[0.505,-0.537],[0.675,-0.293]],"v":[[-0.292,-5.691],[5.679,0.043],[5.372,2.201],[4.224,4.054],[2.428,5.286],[0.289,5.69],[-5.682,0.043],[-5.366,-2.123],[-4.22,-3.987],[-2.431,-5.245]],"c":true},"ix":2},"nm":"Path 1","mn":"ADBE Vector Shape - Group","hd":false},{"ty":"fl","c":{"a":0,"k":[1,0.909803981407,0.094117654539,1],"ix":4},"o":{"a":0,"k":100,"ix":5},"r":1,"bm":0,"nm":"Fill 1","mn":"ADBE Vector Graphic - Fill","hd":false},{"ty":"tr","p":{"a":0,"k":[192.121,219.357],"ix":2},"a":{"a":0,"k":[0,0],"ix":1},"s":{"a":0,"k":[100,100],"ix":3},"r":{"a":0,"k":0,"ix":6},"o":{"a":0,"k":100,"ix":7},"sk":{"a":0,"k":0,"ix":4},"sa":{"a":0,"k":0,"ix":5},"nm":"Transform"}],"nm":"Group 2","np":2,"cix":2,"bm":0,"ix":1,"mn":"ADBE Vector Group","hd":false},{"ty":"gr","it":[{"ind":0,"ty":"sh","ix":1,"ks":{"a":1,"k":[{"i":{"x":0,"y":1},"o":{"x":0.512,"y":0},"t":55,"s":[{"i":[[0,0],[0.322,2.238],[-1.278,0.318],[0,0],[-3.695,-0.853],[0,0],[2.873,-1.47],[0,0],[0.169,-1.461],[3.725,0.535],[0,0],[2.272,0.706],[-0.071,2.127],[0,0]],"o":[[0,0],[-0.437,-3.041],[2.216,-0.646],[0,0],[3.414,1.074],[5.096,0.609],[-2.187,1.061],[0,0],[-0.313,2.395],[-4.707,-0.676],[0,0],[-2.307,-1.101],[0.123,-3.696],[0,0]],"v":[[-14.091,-2.576],[-15.178,-6.621],[-12.493,-12.171],[-8.617,-11.881],[-1.884,-11.964],[4.145,-7.643],[7.211,5.882],[3.068,7.144],[1.601,11.174],[-4.364,13.997],[-9.618,10.718],[-13.031,8.525],[-16.231,3.49],[-14.099,-2.576]],"c":true}]},{"t":94,"s":[{"i":[[0,0],[2.241,7.477],[-8.29,-2.575],[0,0],[-12.104,-3.655],[0,0],[17.167,-7.475],[0,0],[-1.493,-5.652],[6.717,-1.078],[0,0],[5.636,-1.327],[1.99,4.821],[0,0]],"o":[[0,0],[-2.157,-7.559],[8.293,2.659],[0,0],[12.108,3.573],[12.44,-13.211],[-6.55,2.826],[0,0],[0.912,3.655],[-17.328,2.826],[0,0],[-3.984,0.999],[-4.894,-11.794],[0,0]],"v":[[-14.091,-2.576],[-30.84,-10.718],[-20.807,-23.015],[-8.617,-11.881],[1.249,-26.421],[4.145,-7.643],[18.657,7.809],[3.068,7.144],[11.361,17.199],[4.311,27.251],[-9.618,10.718],[-19.898,18.525],[-30.93,12.045],[-14.098,-2.576]],"c":true}]}],"ix":2},"nm":"Path 1","mn":"ADBE Vector Shape - Group","hd":false},{"ty":"fl","c":{"a":0,"k":[1,1,1,1],"ix":4},"o":{"a":0,"k":100,"ix":5},"r":1,"bm":0,"nm":"Fill 1","mn":"ADBE Vector Graphic - Fill","hd":false},{"ty":"tr","p":{"a":0,"k":[197.213,218.988],"ix":2},"a":{"a":0,"k":[0,0],"ix":1},"s":{"a":0,"k":[100,100],"ix":3},"r":{"a":0,"k":0,"ix":6},"o":{"a":0,"k":100,"ix":7},"sk":{"a":0,"k":0,"ix":4},"sa":{"a":0,"k":0,"ix":5},"nm":"Transform"}],"nm":"Group 3","np":2,"cix":2,"bm":0,"ix":2,"mn":"ADBE Vector Group","hd":false}],"ip":55,"op":101,"st":-5,"bm":0},{"ddd":0,"ind":7,"ty":3,"nm":"Null 21","sr":1,"ks":{"o":{"a":0,"k":0,"ix":11},"r":{"a":1,"k":[{"i":{"x":[0.342],"y":[1]},"o":{"x":[0.02],"y":[-0.019]},"t":5,"s":[60]},{"t":50,"s":[0]}],"ix":10},"p":{"s":true,"x":{"a":1,"k":[{"i":{"x":[0.196],"y":[1]},"o":{"x":[0.012],"y":[0.14]},"t":5,"s":[508.5]},{"t":30,"s":[477.5]}],"ix":3},"y":{"a":1,"k":[{"i":{"x":[0.196],"y":[1]},"o":{"x":[0.012],"y":[0.16]},"t":5,"s":[762.5]},{"t":30,"s":[660]}],"ix":4}},"a":{"a":0,"k":[0,0,0],"ix":1,"l":2},"s":{"a":1,"k":[{"i":{"x":[0,0,0.667],"y":[1,1,1]},"o":{"x":[0.333,0.333,0.333],"y":[0,0,0]},"t":5,"s":[0,0,100]},{"t":50,"s":[100,100,100]}],"ix":6,"l":2}},"ao":0,"ip":0,"op":100,"st":0,"bm":0},{"ddd":0,"ind":8,"ty":4,"nm":"Layer 46 Outlines","parent":7,"sr":1,"ks":{"o":{"a":0,"k":100,"ix":11},"r":{"a":0,"k":0,"ix":10},"p":{"a":0,"k":[76.172,-100.921,0],"ix":2,"l":2},"a":{"a":0,"k":[180.336,254.04,0],"ix":1,"l":2},"s":{"a":0,"k":[200,200,100],"ix":6,"l":2}},"ao":0,"shapes":[{"ty":"gr","it":[{"ind":0,"ty":"sh","ix":1,"ks":{"a":0,"k":{"i":[[0,0],[0.994,-1.494],[-24.381,-8.394],[13.02,0.58],[-6.956,3.488],[-4.642,-2.739],[14.587,0.747],[-1.425,-0.225],[0,0],[-6.884,3.491],[-1.324,-0.996],[-1.906,-1.412],[13.928,0.665],[-6.635,3.407],[0,0],[13.847,4.651]],"o":[[-25.042,-8.558],[-0.497,0.829],[-11.858,5.56],[19.57,4.987],[6.22,2.405],[-13.102,6.894],[1.391,0.384],[0,0],[20.482,5.233],[2.654,1.745],[2.157,1.663],[-12.604,6.481],[20.067,5.152],[9.453,7.477],[-2.57,-16.196],[0,0]],"v":[[2.243,-14.831],[-55.803,-25.88],[-3.396,-11.091],[-40.381,-3.948],[2.566,-8.93],[18.902,-0.872],[-22.227,8.016],[-17.999,8.93],[-18.331,8.93],[26.034,3.696],[32.003,8.016],[38.141,12.669],[-1.33,21.06],[42.122,15.826],[56.299,27.374],[2.236,-14.831]],"c":true},"ix":2},"nm":"Path 1","mn":"ADBE Vector Shape - Group","hd":false},{"ty":"fl","c":{"a":0,"k":[0.411764735802,0.596078431373,0.054901964524,1],"ix":4},"o":{"a":0,"k":100,"ix":5},"r":1,"bm":0,"nm":"Fill 1","mn":"ADBE Vector Graphic - Fill","hd":false},{"ty":"tr","p":{"a":0,"k":[79.716,274.778],"ix":2},"a":{"a":0,"k":[0,0],"ix":1},"s":{"a":0,"k":[100,100],"ix":3},"r":{"a":0,"k":0,"ix":6},"o":{"a":0,"k":100,"ix":7},"sk":{"a":0,"k":0,"ix":4},"sa":{"a":0,"k":0,"ix":5},"nm":"Transform"}],"nm":"Group 1","np":2,"cix":2,"bm":0,"ix":1,"mn":"ADBE Vector Group","hd":false}],"ip":0,"op":100,"st":0,"bm":0},{"ddd":0,"ind":9,"ty":4,"nm":"Layer 45 Outlines","parent":7,"sr":1,"ks":{"o":{"a":0,"k":100,"ix":11},"r":{"a":0,"k":0,"ix":10},"p":{"a":0,"k":[76.172,-100.921,0],"ix":2,"l":2},"a":{"a":0,"k":[180.336,254.04,0],"ix":1,"l":2},"s":{"a":0,"k":[200,200,100],"ix":6,"l":2}},"ao":0,"shapes":[{"ty":"gr","it":[{"ind":0,"ty":"sh","ix":1,"ks":{"a":0,"k":{"i":[[0,0],[9.453,8.649],[-3.233,-0.334],[-9.7,-11.797],[0,0]],"o":[[-1.163,-0.834],[-9.371,-8.64],[3.151,0.241],[9.699,11.797],[0,0]],"v":[[10.7,10.803],[-20.892,-8.724],[-31.426,-20.354],[24.96,2.826],[34.497,20.688]],"c":true},"ix":2},"nm":"Path 1","mn":"ADBE Vector Shape - Group","hd":false},{"ty":"fl","c":{"a":0,"k":[0.725490196078,0.847058883368,0.207843152214,1],"ix":4},"o":{"a":0,"k":100,"ix":5},"r":1,"bm":0,"nm":"Fill 1","mn":"ADBE Vector Graphic - Fill","hd":false},{"ty":"tr","p":{"a":0,"k":[99.452,267.257],"ix":2},"a":{"a":0,"k":[0,0],"ix":1},"s":{"a":0,"k":[100,100],"ix":3},"r":{"a":0,"k":0,"ix":6},"o":{"a":0,"k":100,"ix":7},"sk":{"a":0,"k":0,"ix":4},"sa":{"a":0,"k":0,"ix":5},"nm":"Transform"}],"nm":"Group 1","np":2,"cix":2,"bm":0,"ix":1,"mn":"ADBE Vector Group","hd":false}],"ip":0,"op":100,"st":0,"bm":0},{"ddd":0,"ind":10,"ty":3,"nm":"Null 27","sr":1,"ks":{"o":{"a":0,"k":0,"ix":11},"r":{"a":0,"k":0,"ix":10},"p":{"a":0,"k":[538.5,865,0],"ix":2,"l":2},"a":{"a":0,"k":[0,0,0],"ix":1,"l":2},"s":{"a":1,"k":[{"i":{"x":[0,0,0.667],"y":[1,1,1]},"o":{"x":[0.167,0.167,0.167],"y":[0.167,0.167,16.667]},"t":5,"s":[0,0,100]},{"t":30,"s":[100,100,100]}],"ix":6,"l":2}},"ao":0,"ip":0,"op":100,"st":0,"bm":0},{"ddd":0,"ind":11,"ty":4,"nm":"Layer 44 Outlines","parent":10,"sr":1,"ks":{"o":{"a":0,"k":100,"ix":11},"r":{"a":0,"k":0,"ix":10},"p":{"a":0,"k":[15.172,-305.921,0],"ix":2,"l":2},"a":{"a":0,"k":[180.336,254.04,0],"ix":1,"l":2},"s":{"a":0,"k":[200,200,100],"ix":6,"l":2}},"ao":0,"shapes":[{"ty":"gr","it":[{"ind":0,"ty":"sh","ix":1,"ks":{"a":0,"k":{"i":[[0,0],[0.071,-0.263],[0.172,-0.211],[0.243,-0.124],[0.272,-0.014],[0.456,0.38],[0.103,0.586],[2.984,11.963],[0,0.094],[-0.032,0.274],[-0.141,0.236],[-0.226,0.157],[-0.27,0.05],[-0.488,-0.337],[-0.146,-0.575],[-3.151,-12.711],[0,-0.083]],"o":[[0.041,0.269],[-0.072,0.263],[-0.172,0.212],[-0.243,0.123],[-0.594,0.005],[-0.456,-0.381],[0,-0.082],[-2.821,-11.546],[-0.084,-0.262],[0.031,-0.273],[0.141,-0.236],[0.226,-0.156],[0.589,-0.068],[0.488,0.336],[0,0],[2.987,12.215],[0,0]],"v":[[7.457,26.202],[7.411,27.01],[7.043,27.73],[6.413,28.239],[5.633,28.447],[4.008,27.865],[3.143,26.368],[-2.576,-6.699],[-7.386,-25.891],[-7.465,-26.704],[-7.203,-27.476],[-6.646,-28.072],[-5.893,-28.384],[-4.223,-27.967],[-3.24,-26.554],[1.654,-7.364],[7.459,26.202]],"c":true},"ix":2},"nm":"Path 1","mn":"ADBE Vector Shape - Group","hd":false},{"ty":"fl","c":{"a":0,"k":[0.725490196078,0.847058883368,0.207843152214,1],"ix":4},"o":{"a":0,"k":100,"ix":5},"r":1,"bm":0,"nm":"Fill 1","mn":"ADBE Vector Graphic - Fill","hd":false},{"ty":"tr","p":{"a":0,"k":[164.721,371.494],"ix":2},"a":{"a":0,"k":[0,0],"ix":1},"s":{"a":0,"k":[100,100],"ix":3},"r":{"a":0,"k":0,"ix":6},"o":{"a":0,"k":100,"ix":7},"sk":{"a":0,"k":0,"ix":4},"sa":{"a":0,"k":0,"ix":5},"nm":"Transform"}],"nm":"Group 1","np":2,"cix":2,"bm":0,"ix":1,"mn":"ADBE Vector Group","hd":false}],"ip":0,"op":100,"st":0,"bm":0},{"ddd":0,"ind":12,"ty":4,"nm":"Layer 43 Outlines 2","parent":7,"sr":1,"ks":{"o":{"a":0,"k":100,"ix":11},"r":{"a":0,"k":0,"ix":10},"p":{"a":0,"k":[76.172,-100.921,0],"ix":2,"l":2},"a":{"a":0,"k":[180.336,254.04,0],"ix":1,"l":2},"s":{"a":0,"k":[200,200,100],"ix":6,"l":2}},"ao":0,"shapes":[{"ty":"gr","it":[{"ind":0,"ty":"sh","ix":1,"ks":{"a":0,"k":{"i":[[0.525,3.82],[4.003,10.672],[12.853,2.577],[17.664,0.996],[-33.75,-20.27],[-20.064,0.334],[-7.023,-4.153]],"o":[[0.709,-5.939],[-8.374,-22.183],[-2.57,-0.498],[10.035,14.207],[14.259,8.553],[13.233,-0.244],[3.965,-1.453]],"v":[[50.99,-21.419],[47.348,-46.524],[-6.303,-85.736],[-90.8,-94.543],[-41.874,-22.678],[15.836,-14.46],[47.799,-11.896]],"c":true},"ix":2},"nm":"Path 1","mn":"ADBE Vector Shape - Group","hd":false},{"ty":"fl","c":{"a":0,"k":[0.611764705882,0.788235353956,0.078431372549,1],"ix":4},"o":{"a":0,"k":100,"ix":5},"r":1,"bm":0,"nm":"Fill 1","mn":"ADBE Vector Graphic - Fill","hd":false},{"ty":"tr","p":{"a":0,"k":[93.236,321.099],"ix":2},"a":{"a":0,"k":[0,0],"ix":1},"s":{"a":0,"k":[100,100],"ix":3},"r":{"a":0,"k":0,"ix":6},"o":{"a":0,"k":100,"ix":7},"sk":{"a":0,"k":0,"ix":4},"sa":{"a":0,"k":0,"ix":5},"nm":"Transform"}],"nm":"Group 1","np":2,"cix":2,"bm":0,"ix":1,"mn":"ADBE Vector Group","hd":false}],"ip":0,"op":100,"st":0,"bm":0},{"ddd":0,"ind":13,"ty":4,"nm":"Layer 43 Outlines","sr":1,"ks":{"o":{"a":0,"k":100,"ix":11},"r":{"a":0,"k":0,"ix":10},"p":{"a":0,"k":[553.672,559.079,0],"ix":2,"l":2},"a":{"a":0,"k":[180.336,254.04,0],"ix":1,"l":2},"s":{"a":0,"k":[200,200,100],"ix":6,"l":2}},"ao":0,"shapes":[{"ty":"gr","it":[{"ind":0,"ty":"sh","ix":1,"ks":{"a":1,"k":[{"i":{"x":0.024,"y":1},"o":{"x":0.167,"y":0.167},"t":0,"s":[{"i":[[0.294,2.574],[1.025,1.32],[-0.535,-1.703],[-0.13,-2.595],[0,0]],"o":[[-1.081,-1.051],[-1.975,-1.93],[1.465,2.297],[0,0],[0.373,2.155]],"v":[[83.721,85.577],[79.99,82.331],[74.549,80.354],[75.395,85.746],[75.391,85.746]],"c":true}]},{"t":30,"s":[{"i":[[0.83,11.302],[17.357,18.257],[-7.023,-4.153],[-1.469,-25.168],[0,0]],"o":[[-2.025,-28.331],[-2.725,-3.93],[12.59,19.28],[0,0],[0.669,11.797]],"v":[[89.971,83.077],[50.99,-21.419],[47.799,-11.896],[71.395,82.746],[71.391,82.746]],"c":true}]}],"ix":2},"nm":"Path 1","mn":"ADBE Vector Shape - Group","hd":false},{"ty":"fl","c":{"a":0,"k":[0.611764705882,0.788235353956,0.078431372549,1],"ix":4},"o":{"a":0,"k":100,"ix":5},"r":1,"bm":0,"nm":"Fill 1","mn":"ADBE Vector Graphic - Fill","hd":false},{"ty":"tr","p":{"a":0,"k":[93.236,321.099],"ix":2},"a":{"a":0,"k":[0,0],"ix":1},"s":{"a":0,"k":[100,100],"ix":3},"r":{"a":0,"k":0,"ix":6},"o":{"a":0,"k":100,"ix":7},"sk":{"a":0,"k":0,"ix":4},"sa":{"a":0,"k":0,"ix":5},"nm":"Transform"}],"nm":"Group 1","np":2,"cix":2,"bm":0,"ix":1,"mn":"ADBE Vector Group","hd":false}],"ip":0,"op":100,"st":0,"bm":0},{"ddd":0,"ind":14,"ty":3,"nm":"Null 22","sr":1,"ks":{"o":{"a":0,"k":0,"ix":11},"r":{"a":1,"k":[{"i":{"x":[0.336],"y":[1]},"o":{"x":[0.167],"y":[0.167]},"t":15,"s":[-60]},{"t":60,"s":[0]}],"ix":10},"p":{"s":true,"x":{"a":1,"k":[{"i":{"x":[0.503],"y":[1]},"o":{"x":[0.01],"y":[0.133]},"t":15,"s":[516.5]},{"t":45,"s":[551]}],"ix":3},"y":{"a":1,"k":[{"i":{"x":[0.503],"y":[1]},"o":{"x":[0.01],"y":[0.153]},"t":15,"s":[770.25]},{"t":45,"s":[655.5]}],"ix":4}},"a":{"a":0,"k":[0,0,0],"ix":1,"l":2},"s":{"a":1,"k":[{"i":{"x":[0.336,0.336,0.667],"y":[1,1,1]},"o":{"x":[0.333,0.333,0.333],"y":[0,0,0]},"t":15,"s":[0,0,100]},{"t":65,"s":[100,100,100]}],"ix":6,"l":2}},"ao":0,"ip":15,"op":100,"st":0,"bm":0},{"ddd":0,"ind":15,"ty":4,"nm":"Layer 42 Outlines","parent":14,"sr":1,"ks":{"o":{"a":0,"k":100,"ix":11},"r":{"a":0,"k":0,"ix":10},"p":{"a":0,"k":[2.672,-96.421,0],"ix":2,"l":2},"a":{"a":0,"k":[180.336,254.04,0],"ix":1,"l":2},"s":{"a":0,"k":[200,200,100],"ix":6,"l":2}},"ao":0,"shapes":[{"ty":"gr","it":[{"ind":0,"ty":"sh","ix":1,"ks":{"a":0,"k":{"i":[[0,0],[-3.158,-12.297]],"o":[[11.859,-23.266],[1.325,5.149]],"v":[[-27.696,13.876],[26.371,-1.579]],"c":true},"ix":2},"nm":"Path 1","mn":"ADBE Vector Shape - Group","hd":false},{"ty":"fl","c":{"a":0,"k":[0.725490196078,0.847058883368,0.207843152214,1],"ix":4},"o":{"a":0,"k":100,"ix":5},"r":1,"bm":0,"nm":"Fill 1","mn":"ADBE Vector Graphic - Fill","hd":false},{"ty":"tr","p":{"a":0,"k":[257.171,230.288],"ix":2},"a":{"a":0,"k":[0,0],"ix":1},"s":{"a":0,"k":[100,100],"ix":3},"r":{"a":0,"k":0,"ix":6},"o":{"a":0,"k":100,"ix":7},"sk":{"a":0,"k":0,"ix":4},"sa":{"a":0,"k":0,"ix":5},"nm":"Transform"}],"nm":"Group 1","np":2,"cix":2,"bm":0,"ix":1,"mn":"ADBE Vector Group","hd":false}],"ip":15,"op":100,"st":0,"bm":0},{"ddd":0,"ind":16,"ty":4,"nm":"Layer 41 Outlines","parent":14,"sr":1,"ks":{"o":{"a":0,"k":100,"ix":11},"r":{"a":0,"k":0,"ix":10},"p":{"a":0,"k":[2.672,-96.421,0],"ix":2,"l":2},"a":{"a":0,"k":[180.336,254.04,0],"ix":1,"l":2},"s":{"a":0,"k":[200,200,100],"ix":6,"l":2}},"ao":0,"shapes":[{"ty":"gr","it":[{"ind":0,"ty":"sh","ix":1,"ks":{"a":0,"k":{"i":[[0,0],[-18.574,0.914],[7.047,3.658]],"o":[[17.167,9.137],[-27.445,7.146],[0,0]],"v":[[-24.337,-9.513],[28.897,2.367],[-28.898,-5.196]],"c":true},"ix":2},"nm":"Path 1","mn":"ADBE Vector Shape - Group","hd":false},{"ty":"fl","c":{"a":0,"k":[0.411764735802,0.596078431373,0.054901964524,1],"ix":4},"o":{"a":0,"k":100,"ix":5},"r":1,"bm":0,"nm":"Fill 1","mn":"ADBE Vector Graphic - Fill","hd":false},{"ty":"tr","p":{"a":0,"k":[281.427,258.328],"ix":2},"a":{"a":0,"k":[0,0],"ix":1},"s":{"a":0,"k":[100,100],"ix":3},"r":{"a":0,"k":0,"ix":6},"o":{"a":0,"k":100,"ix":7},"sk":{"a":0,"k":0,"ix":4},"sa":{"a":0,"k":0,"ix":5},"nm":"Transform"}],"nm":"Group 1","np":2,"cix":2,"bm":0,"ix":1,"mn":"ADBE Vector Group","hd":false},{"ty":"gr","it":[{"ind":0,"ty":"sh","ix":1,"ks":{"a":0,"k":{"i":[[-17.415,5.983],[-1.243,-1.912],[31.426,-11.545],[5.475,-4.318],[0,0]],"o":[[31.508,-10.878],[0.832,1.163],[-19.821,7.313],[-19.985,15.785],[2.239,-20.689]],"v":[[-3.937,-18.944],[69.529,-33.067],[-0.786,-12.63],[-40.507,10.302],[-70.36,34.979]],"c":true},"ix":2},"nm":"Path 1","mn":"ADBE Vector Shape - Group","hd":false},{"ty":"fl","c":{"a":0,"k":[0.411764735802,0.596078431373,0.054901964524,1],"ix":4},"o":{"a":0,"k":100,"ix":5},"r":1,"bm":0,"nm":"Fill 1","mn":"ADBE Vector Graphic - Fill","hd":false},{"ty":"tr","p":{"a":0,"k":[259.029,265.762],"ix":2},"a":{"a":0,"k":[0,0],"ix":1},"s":{"a":0,"k":[100,100],"ix":3},"r":{"a":0,"k":0,"ix":6},"o":{"a":0,"k":100,"ix":7},"sk":{"a":0,"k":0,"ix":4},"sa":{"a":0,"k":0,"ix":5},"nm":"Transform"}],"nm":"Group 2","np":2,"cix":2,"bm":0,"ix":2,"mn":"ADBE Vector Group","hd":false},{"ty":"gr","it":[{"ind":0,"ty":"sh","ix":1,"ks":{"a":0,"k":{"i":[[0,0],[-19.073,0.998],[1.742,-0.331],[0,0],[7.214,3.822],[0,0],[-0.838,-0.416]],"o":[[17.661,9.304],[-1.824,0.5],[0,0],[-28.027,7.313],[0,0],[0.745,0.416],[0,0]],"v":[[-22.512,-10.302],[32.05,1.826],[26.742,2.988],[27.075,2.988],[-32.05,-4.82],[-27.405,-9.142],[-24.992,-7.892]],"c":true},"ix":2},"nm":"Path 1","mn":"ADBE Vector Shape - Group","hd":false},{"ty":"fl","c":{"a":0,"k":[0.411764735802,0.596078431373,0.054901964524,1],"ix":4},"o":{"a":0,"k":100,"ix":5},"r":1,"bm":0,"nm":"Fill 1","mn":"ADBE Vector Graphic - Fill","hd":false},{"ty":"tr","p":{"a":0,"k":[255.804,274.25],"ix":2},"a":{"a":0,"k":[0,0],"ix":1},"s":{"a":0,"k":[100,100],"ix":3},"r":{"a":0,"k":0,"ix":6},"o":{"a":0,"k":100,"ix":7},"sk":{"a":0,"k":0,"ix":4},"sa":{"a":0,"k":0,"ix":5},"nm":"Transform"}],"nm":"Group 3","np":2,"cix":2,"bm":0,"ix":3,"mn":"ADBE Vector Group","hd":false},{"ty":"gr","it":[{"ind":0,"ty":"sh","ix":1,"ks":{"a":0,"k":{"i":[[0,0],[-18.663,0.916],[7.048,3.737]],"o":[[17.244,9.138],[-27.448,7.064],[0,0]],"v":[[-24.382,-9.514],[28.94,2.45],[-28.94,-5.191]],"c":true},"ix":2},"nm":"Path 1","mn":"ADBE Vector Shape - Group","hd":false},{"ty":"fl","c":{"a":0,"k":[0.411764735802,0.596078431373,0.054901964524,1],"ix":4},"o":{"a":0,"k":100,"ix":5},"r":1,"bm":0,"nm":"Fill 1","mn":"ADBE Vector Graphic - Fill","hd":false},{"ty":"tr","p":{"a":0,"k":[233.047,290.313],"ix":2},"a":{"a":0,"k":[0,0],"ix":1},"s":{"a":0,"k":[100,100],"ix":3},"r":{"a":0,"k":0,"ix":6},"o":{"a":0,"k":100,"ix":7},"sk":{"a":0,"k":0,"ix":4},"sa":{"a":0,"k":0,"ix":5},"nm":"Transform"}],"nm":"Group 4","np":2,"cix":2,"bm":0,"ix":4,"mn":"ADBE Vector Group","hd":false}],"ip":15,"op":100,"st":0,"bm":0},{"ddd":0,"ind":17,"ty":4,"nm":"Layer 40 Outlines 2","parent":14,"sr":1,"ks":{"o":{"a":0,"k":100,"ix":11},"r":{"a":0,"k":0,"ix":10},"p":{"a":0,"k":[2.672,-96.421,0],"ix":2,"l":2},"a":{"a":0,"k":[180.336,254.04,0],"ix":1,"l":2},"s":{"a":0,"k":[200,200,100],"ix":6,"l":2}},"ao":0,"shapes":[{"ty":"gr","it":[{"ind":0,"ty":"sh","ix":1,"ks":{"a":0,"k":{"i":[[34.328,2.901],[13.029,-39.213],[3.648,-9.389],[0,0],[-2.461,-0.017],[-18.979,-2.333],[-29.353,18.942],[-14.261,15.368],[0.164,0.665]],"o":[[-45.36,-3.899],[-3.815,11.799],[0,0],[-2.118,6.125],[5.578,2.426],[9.535,1.075],[20.233,-13.042],[10.45,-11.216],[-1.576,-6.229]],"v":[[29.356,-65.855],[-75.956,-16.087],[-79.274,18.142],[-79.386,18.928],[-77.043,29.071],[-40.3,38.249],[24.793,23.128],[68.326,-21.07],[97.931,-44.004]],"c":true},"ix":2},"nm":"Path 1","mn":"ADBE Vector Shape - Group","hd":false},{"ty":"fl","c":{"a":0,"k":[0.611764705882,0.788235353956,0.078431372549,1],"ix":4},"o":{"a":0,"k":100,"ix":5},"r":1,"bm":0,"nm":"Fill 1","mn":"ADBE Vector Graphic - Fill","hd":false},{"ty":"tr","p":{"a":0,"k":[257.504,277.447],"ix":2},"a":{"a":0,"k":[0,0],"ix":1},"s":{"a":0,"k":[100,100],"ix":3},"r":{"a":0,"k":0,"ix":6},"o":{"a":0,"k":100,"ix":7},"sk":{"a":0,"k":0,"ix":4},"sa":{"a":0,"k":0,"ix":5},"nm":"Transform"}],"nm":"Group 1","np":2,"cix":2,"bm":0,"ix":1,"mn":"ADBE Vector Group","hd":false}],"ip":15,"op":100,"st":0,"bm":0},{"ddd":0,"ind":18,"ty":4,"nm":"Layer 40 Outlines","sr":1,"ks":{"o":{"a":0,"k":100,"ix":11},"r":{"a":0,"k":0,"ix":10},"p":{"a":0,"k":[553.672,559.079,0],"ix":2,"l":2},"a":{"a":0,"k":[180.336,254.04,0],"ix":1,"l":2},"s":{"a":0,"k":[200,200,100],"ix":6,"l":2}},"ao":0,"shapes":[{"ty":"gr","it":[{"ind":0,"ty":"sh","ix":1,"ks":{"a":1,"k":[{"i":{"x":0.833,"y":0.833},"o":{"x":0.167,"y":0.167},"t":15,"s":[{"i":[[1.02,-0.339],[0,0],[0.121,-2.285],[-1.409,-2.187],[0,0],[-0.113,1.183],[-0.086,1.733]],"o":[[0,0],[-0.493,1.5],[-0.129,3.215],[0,0],[-0.099,-3.201],[0.238,-2.484],[0.414,-2.267]],"v":[[-92.149,66.892],[-93.386,68.803],[-95.125,74.839],[-93.845,81.241],[-91.155,86.504],[-90.891,80.621],[-90.293,75.196]],"c":true}]},{"i":{"x":0.833,"y":0.833},"o":{"x":0.167,"y":0.167},"t":35,"s":[{"i":[[4.52,-4.339],[0,0],[2.936,-7.072],[0,-10.221],[0,0],[-3.732,9.055],[-3.016,3.271]],"o":[[0,0],[-1.493,1.625],[-4.147,10.216],[0,0],[0,-9.317],[1.826,-4.383],[4.789,-3.517]],"v":[[-80.024,27.267],[-82.511,28.428],[-91.75,41.714],[-98.095,68.991],[-90.03,75.629],[-84.391,43.996],[-76.793,30.446]],"c":true}]},{"t":45,"s":[{"i":[[4.52,-4.339],[0,0],[2.936,-7.072],[0,-10.221],[0,0],[-3.732,9.055],[-3.016,3.271]],"o":[[0,0],[-5.818,4.542],[-4.147,10.216],[0,0],[0,-9.317],[1.826,-4.383],[4.789,-3.517]],"v":[[-74.774,17.642],[-74.886,18.428],[-91.125,39.089],[-98.095,68.991],[-89.405,69.754],[-83.016,42.996],[-72.543,28.571]],"c":true}]}],"ix":2},"nm":"Path 1","mn":"ADBE Vector Shape - Group","hd":false},{"ty":"fl","c":{"a":0,"k":[0.611764705882,0.788235353956,0.078431372549,1],"ix":4},"o":{"a":0,"k":100,"ix":5},"r":1,"bm":0,"nm":"Fill 1","mn":"ADBE Vector Graphic - Fill","hd":false},{"ty":"tr","p":{"a":0,"k":[257.504,277.447],"ix":2},"a":{"a":0,"k":[0,0],"ix":1},"s":{"a":0,"k":[100,100],"ix":3},"r":{"a":0,"k":0,"ix":6},"o":{"a":0,"k":100,"ix":7},"sk":{"a":0,"k":0,"ix":4},"sa":{"a":0,"k":0,"ix":5},"nm":"Transform"}],"nm":"Group 1","np":2,"cix":2,"bm":0,"ix":1,"mn":"ADBE Vector Group","hd":false}],"ip":15,"op":100,"st":0,"bm":0},{"ddd":0,"ind":19,"ty":3,"nm":"Null 23","sr":1,"ks":{"o":{"a":0,"k":0,"ix":11},"r":{"a":1,"k":[{"i":{"x":[0.667],"y":[1]},"o":{"x":[0.333],"y":[0]},"t":30,"s":[25]},{"t":70,"s":[0]}],"ix":10},"p":{"s":true,"x":{"a":1,"k":[{"i":{"x":[0.336],"y":[1]},"o":{"x":[0.01],"y":[0.167]},"t":30,"s":[521.5]},{"t":60,"s":[526.5]}],"ix":3},"y":{"a":1,"k":[{"i":{"x":[0.336],"y":[1]},"o":{"x":[0.01],"y":[0.167]},"t":30,"s":[376.5]},{"t":60,"s":[251.5]}],"ix":4}},"a":{"a":0,"k":[0,0,0],"ix":1,"l":2},"s":{"a":1,"k":[{"i":{"x":[0.255,0.255,0.667],"y":[1,1,1]},"o":{"x":[0.333,0.333,0.333],"y":[0,0,0]},"t":30,"s":[0,0,100]},{"t":70,"s":[100,100,100]}],"ix":6,"l":2}},"ao":0,"ip":10,"op":100,"st":0,"bm":0},{"ddd":0,"ind":20,"ty":4,"nm":"Layer 39 Outlines","parent":19,"sr":1,"ks":{"o":{"a":0,"k":100,"ix":11},"r":{"a":0,"k":0,"ix":10},"p":{"a":0,"k":[27.172,307.579,0],"ix":2,"l":2},"a":{"a":0,"k":[180.336,254.04,0],"ix":1,"l":2},"s":{"a":0,"k":[200,200,100],"ix":6,"l":2}},"ao":0,"shapes":[{"ty":"gr","it":[{"ind":0,"ty":"sh","ix":1,"ks":{"a":0,"k":{"i":[[-9.371,1.745],[4.642,13.129],[-4.399,-16.869],[-7.132,-7.893]],"o":[[0,0],[-4.56,-13.127],[2.072,8.142],[5.79,6.314]],"v":[[25.417,34.645],[-12.314,-23.264],[-21.019,-9.637],[-9.411,15.87]],"c":true},"ix":2},"nm":"Path 1","mn":"ADBE Vector Shape - Group","hd":false},{"ty":"fl","c":{"a":0,"k":[0.509803921569,0.705882352941,0.18431372549,1],"ix":4},"o":{"a":0,"k":100,"ix":5},"r":1,"bm":0,"nm":"Fill 1","mn":"ADBE Vector Graphic - Fill","hd":false},{"ty":"tr","p":{"a":0,"k":[134.489,59.719],"ix":2},"a":{"a":0,"k":[0,0],"ix":1},"s":{"a":0,"k":[100,100],"ix":3},"r":{"a":0,"k":0,"ix":6},"o":{"a":0,"k":100,"ix":7},"sk":{"a":0,"k":0,"ix":4},"sa":{"a":0,"k":0,"ix":5},"nm":"Transform"}],"nm":"Group 1","np":2,"cix":2,"bm":0,"ix":1,"mn":"ADBE Vector Group","hd":false}],"ip":10,"op":100,"st":0,"bm":0},{"ddd":0,"ind":21,"ty":4,"nm":"Layer 38 Outlines","parent":19,"sr":1,"ks":{"o":{"a":0,"k":100,"ix":11},"r":{"a":0,"k":0,"ix":10},"p":{"a":0,"k":[27.172,307.579,0],"ix":2,"l":2},"a":{"a":0,"k":[180.336,254.04,0],"ix":1,"l":2},"s":{"a":0,"k":[200,200,100],"ix":6,"l":2}},"ao":0,"shapes":[{"ty":"gr","it":[{"ind":0,"ty":"sh","ix":1,"ks":{"a":0,"k":{"i":[[0,0],[-0.166,5.069],[-7.381,-17.115]],"o":[[0,0],[0.242,-5.077],[7.38,17.031]],"v":[[9.952,26.258],[-16.169,-21.181],[8.956,3.991]],"c":true},"ix":2},"nm":"Path 1","mn":"ADBE Vector Shape - Group","hd":false},{"ty":"fl","c":{"a":0,"k":[0.725490196078,0.847058883368,0.207843152214,1],"ix":4},"o":{"a":0,"k":100,"ix":5},"r":1,"bm":0,"nm":"Fill 1","mn":"ADBE Vector Graphic - Fill","hd":false},{"ty":"tr","p":{"a":0,"k":[144.316,49.082],"ix":2},"a":{"a":0,"k":[0,0],"ix":1},"s":{"a":0,"k":[100,100],"ix":3},"r":{"a":0,"k":0,"ix":6},"o":{"a":0,"k":100,"ix":7},"sk":{"a":0,"k":0,"ix":4},"sa":{"a":0,"k":0,"ix":5},"nm":"Transform"}],"nm":"Group 1","np":2,"cix":2,"bm":0,"ix":1,"mn":"ADBE Vector Group","hd":false}],"ip":10,"op":100,"st":0,"bm":0},{"ddd":0,"ind":22,"ty":4,"nm":"Layer 37 Outlines 2","parent":19,"sr":1,"ks":{"o":{"a":0,"k":100,"ix":11},"r":{"a":0,"k":0,"ix":10},"p":{"a":0,"k":[27.172,307.579,0],"ix":2,"l":2},"a":{"a":0,"k":[180.336,254.04,0],"ix":1,"l":2},"s":{"a":0,"k":[200,200,100],"ix":6,"l":2}},"ao":0,"shapes":[{"ty":"gr","it":[{"ind":0,"ty":"sh","ix":1,"ks":{"a":0,"k":{"i":[[-0.064,2.388],[13.27,20.616],[3.568,-1.91],[-5.066,-19.025],[-6.799,-2.826],[-6.527,-1.664]],"o":[[0.987,-9.123],[-16.416,-25.504],[-3.564,1.994],[5.142,19.11],[4.956,2.12],[2.143,0.995]],"v":[[27.526,-72.563],[16.548,-128.072],[-25.413,-158.894],[-31.549,-113.781],[-1.117,-77.307],[23.069,-70.17]],"c":true},"ix":2},"nm":"Path 1","mn":"ADBE Vector Shape - Group","hd":false},{"ty":"fl","c":{"a":0,"k":[0.611764705882,0.788235353956,0.078431372549,1],"ix":4},"o":{"a":0,"k":100,"ix":5},"r":1,"bm":0,"nm":"Fill 1","mn":"ADBE Vector Graphic - Fill","hd":false},{"ty":"tr","p":{"a":0,"k":[140.538,170.676],"ix":2},"a":{"a":0,"k":[0,0],"ix":1},"s":{"a":0,"k":[100,100],"ix":3},"r":{"a":0,"k":0,"ix":6},"o":{"a":0,"k":100,"ix":7},"sk":{"a":0,"k":0,"ix":4},"sa":{"a":0,"k":0,"ix":5},"nm":"Transform"}],"nm":"Group 1","np":2,"cix":2,"bm":0,"ix":1,"mn":"ADBE Vector Group","hd":false}],"ip":10,"op":100,"st":0,"bm":0},{"ddd":0,"ind":23,"ty":4,"nm":"Layer 37 Outlines","sr":1,"ks":{"o":{"a":0,"k":100,"ix":11},"r":{"a":0,"k":0,"ix":10},"p":{"a":0,"k":[553.672,559.079,0],"ix":2,"l":2},"a":{"a":0,"k":[180.336,254.04,0],"ix":1,"l":2},"s":{"a":0,"k":[200,200,100],"ix":6,"l":2}},"ao":0,"shapes":[{"ty":"gr","it":[{"ind":0,"ty":"sh","ix":1,"ks":{"a":1,"k":[{"i":{"x":0.833,"y":0.833},"o":{"x":0.167,"y":0.167},"t":10,"s":[{"i":[[0.095,2.833],[0.686,2.263],[0.268,-1.005],[0.385,-1.967],[-0.367,-2.204],[-0.518,-1.98],[0,0],[0.264,2.803]],"o":[[-0.068,-2.046],[-0.439,-1.237],[0.268,1.495],[-0.24,1.658],[0.423,2.539],[0,0],[-0.376,-1.651],[-0.361,-1.322]],"v":[[18.406,170.495],[17.526,164.062],[14.819,160.455],[14.077,164.167],[14.329,168.653],[14.855,171.804],[23.839,187.976],[19.449,176.021]],"c":true}]},{"i":{"x":0.011,"y":1},"o":{"x":0.167,"y":0.167},"t":30,"s":[{"i":[[-0.068,10.704],[5.578,13.054],[-0.607,-8.505],[-0.048,-15.614],[-1.617,-16.704],[-2.985,-16.45],[0,0],[0.579,13.458]],"o":[[0.113,-17.636],[-2.564,-5.362],[3.341,12.493],[-0.365,12.033],[1.402,14.485],[0,0],[-2.818,-15.454],[-0.736,-13.697]],"v":[[31.531,41.12],[26.151,-12.938],[20.069,-10.671],[21.327,45.292],[8.579,121.528],[13.23,160.804],[25.339,172.601],[18.199,122.521]],"c":true}]},{"t":60,"s":[{"i":[[0.084,52.508],[5.578,13.054],[-0.357,-1.755],[-0.048,-15.614],[-2.155,-46.525],[-2.985,-16.45],[0,0],[0.579,13.458]],"o":[[-0.049,-17.636],[-0.439,-1.237],[3.341,12.493],[0.082,53.17],[0.663,14.538],[0,0],[-2.818,-15.454],[-2.229,-47.934]],"v":[[36.531,-26.38],[27.526,-72.563],[23.069,-70.17],[27.827,-27.208],[10.079,114.528],[13.23,160.804],[25.089,158.726],[19.699,115.521]],"c":true}]}],"ix":2},"nm":"Path 1","mn":"ADBE Vector Shape - Group","hd":false},{"ty":"fl","c":{"a":0,"k":[0.611764705882,0.788235353956,0.078431372549,1],"ix":4},"o":{"a":0,"k":100,"ix":5},"r":1,"bm":0,"nm":"Fill 1","mn":"ADBE Vector Graphic - Fill","hd":false},{"ty":"tr","p":{"a":0,"k":[140.538,170.676],"ix":2},"a":{"a":0,"k":[0,0],"ix":1},"s":{"a":0,"k":[100,100],"ix":3},"r":{"a":0,"k":0,"ix":6},"o":{"a":0,"k":100,"ix":7},"sk":{"a":0,"k":0,"ix":4},"sa":{"a":0,"k":0,"ix":5},"nm":"Transform"}],"nm":"Group 1","np":2,"cix":2,"bm":0,"ix":1,"mn":"ADBE Vector Group","hd":false}],"ip":10,"op":100,"st":0,"bm":0},{"ddd":0,"ind":24,"ty":3,"nm":"Null 24","sr":1,"ks":{"o":{"a":0,"k":0,"ix":11},"r":{"a":1,"k":[{"i":{"x":[0.116],"y":[1]},"o":{"x":[0.167],"y":[0.167]},"t":20,"s":[89]},{"t":60,"s":[0]}],"ix":10},"p":{"s":true,"x":{"a":1,"k":[{"i":{"x":[0.489],"y":[1]},"o":{"x":[0.015],"y":[0]},"t":20,"s":[511.5]},{"t":40,"s":[496.5]}],"ix":3},"y":{"a":1,"k":[{"i":{"x":[0.489],"y":[1]},"o":{"x":[0.015],"y":[0]},"t":20,"s":[588.5]},{"t":40,"s":[470]}],"ix":4}},"a":{"a":0,"k":[0,0,0],"ix":1,"l":2},"s":{"a":1,"k":[{"i":{"x":[0.372,0.372,0.667],"y":[1,1,1]},"o":{"x":[0.333,0.333,0.333],"y":[0,0,0]},"t":20,"s":[0,0,100]},{"t":60,"s":[100,100,100]}],"ix":6,"l":2}},"ao":0,"ip":20,"op":100,"st":0,"bm":0},{"ddd":0,"ind":25,"ty":4,"nm":"Layer 36 Outlines","parent":24,"sr":1,"ks":{"o":{"a":0,"k":100,"ix":11},"r":{"a":0,"k":0,"ix":10},"p":{"a":0,"k":[57.172,89.079,0],"ix":2,"l":2},"a":{"a":0,"k":[180.336,254.04,0],"ix":1,"l":2},"s":{"a":0,"k":[200,200,100],"ix":6,"l":2}},"ao":0,"shapes":[{"ty":"gr","it":[{"ind":0,"ty":"sh","ix":1,"ks":{"a":0,"k":{"i":[[13.844,4.738],[0.994,-1.496],[-24.379,-8.311],[13.015,0.665],[-6.961,3.406],[-5.219,-3.101],[14.508,0.747],[-1.327,-0.249],[0,0],[-6.881,3.489],[-1.327,-1.083],[-1.824,-1.494],[13.932,0.747],[-6.637,3.406],[0,0]],"o":[[-25.044,-8.461],[-0.497,0.829],[-11.777,5.56],[19.568,5.077],[5.653,2.208],[-13.102,6.895],[1.406,0.331],[0,0],[20.399,5.236],[2.572,1.746],[2.157,1.658],[-12.522,6.481],[20.067,5.152],[9.453,7.398],[-2.572,-16.196]],"v":[[2.242,-14.873],[-55.806,-25.838],[-3.482,-11.131],[-40.382,-3.988],[2.565,-8.89],[18.9,-0.912],[-22.229,8.062],[-18.083,8.972],[-18.324,8.972],[26.036,3.739],[32.008,8.062],[38.061,12.709],[-1.327,21.02],[42.127,15.867],[56.303,27.334]],"c":true},"ix":2},"nm":"Path 1","mn":"ADBE Vector Shape - Group","hd":false},{"ty":"fl","c":{"a":0,"k":[0.411764735802,0.596078431373,0.054901964524,1],"ix":4},"o":{"a":0,"k":100,"ix":5},"r":1,"bm":0,"nm":"Fill 1","mn":"ADBE Vector Graphic - Fill","hd":false},{"ty":"tr","p":{"a":0,"k":[82.539,174.539],"ix":2},"a":{"a":0,"k":[0,0],"ix":1},"s":{"a":0,"k":[100,100],"ix":3},"r":{"a":0,"k":0,"ix":6},"o":{"a":0,"k":100,"ix":7},"sk":{"a":0,"k":0,"ix":4},"sa":{"a":0,"k":0,"ix":5},"nm":"Transform"}],"nm":"Group 1","np":2,"cix":2,"bm":0,"ix":1,"mn":"ADBE Vector Group","hd":false}],"ip":20,"op":100,"st":0,"bm":0},{"ddd":0,"ind":26,"ty":4,"nm":"Layer 35 Outlines","parent":24,"sr":1,"ks":{"o":{"a":0,"k":100,"ix":11},"r":{"a":0,"k":0,"ix":10},"p":{"a":0,"k":[57.172,89.079,0],"ix":2,"l":2},"a":{"a":0,"k":[180.336,254.04,0],"ix":1,"l":2},"s":{"a":0,"k":[200,200,100],"ix":6,"l":2}},"ao":0,"shapes":[{"ty":"gr","it":[{"ind":0,"ty":"sh","ix":1,"ks":{"a":0,"k":{"i":[[0,0],[9.454,8.722],[-3.233,-0.331],[-9.784,-11.794],[0,0]],"o":[[-1.081,-0.829],[-9.371,-8.642],[3.151,0.242],[9.702,11.882],[0,0]],"v":[[10.615,10.8],[-20.896,-8.723],[-31.428,-20.356],[24.958,2.822],[34.493,20.687]],"c":true},"ix":2},"nm":"Path 1","mn":"ADBE Vector Shape - Group","hd":false},{"ty":"fl","c":{"a":0,"k":[0.725490196078,0.847058883368,0.207843152214,1],"ix":4},"o":{"a":0,"k":100,"ix":5},"r":1,"bm":0,"nm":"Fill 1","mn":"ADBE Vector Graphic - Fill","hd":false},{"ty":"tr","p":{"a":0,"k":[111.479,169.305],"ix":2},"a":{"a":0,"k":[0,0],"ix":1},"s":{"a":0,"k":[100,100],"ix":3},"r":{"a":0,"k":0,"ix":6},"o":{"a":0,"k":100,"ix":7},"sk":{"a":0,"k":0,"ix":4},"sa":{"a":0,"k":0,"ix":5},"nm":"Transform"}],"nm":"Group 1","np":2,"cix":2,"bm":0,"ix":1,"mn":"ADBE Vector Group","hd":false}],"ip":20,"op":100,"st":0,"bm":0},{"ddd":0,"ind":27,"ty":4,"nm":"Layer 34 Outlines","parent":24,"sr":1,"ks":{"o":{"a":0,"k":100,"ix":11},"r":{"a":0,"k":0,"ix":10},"p":{"a":0,"k":[57.172,89.079,0],"ix":2,"l":2},"a":{"a":0,"k":[180.336,254.04,0],"ix":1,"l":2},"s":{"a":0,"k":[200,200,100],"ix":6,"l":2}},"ao":0,"shapes":[{"ty":"gr","it":[{"ind":0,"ty":"sh","ix":1,"ks":{"a":0,"k":{"i":[[-1.146,3.138],[6.459,17.04],[12.853,2.492],[17.664,1.001],[-33.75,-20.19],[-20.067,0.331],[-6.858,-1.341]],"o":[[1.671,-4.398],[-8.287,-22.1],[-2.572,-0.498],[10.032,14.209],[14.261,8.551],[9.841,-0.185],[2.991,3.493]],"v":[[66.262,22.607],[64.381,-10.379],[10.818,-49.513],[-73.68,-58.404],[-24.755,13.466],[32.958,21.685],[58.652,22.053]],"c":true},"ix":2},"nm":"Path 1","mn":"ADBE Vector Shape - Group","hd":false},{"ty":"fl","c":{"a":0,"k":[0.611764705882,0.788235353956,0.078431372549,1],"ix":4},"o":{"a":0,"k":100,"ix":5},"r":1,"bm":0,"nm":"Fill 1","mn":"ADBE Vector Graphic - Fill","hd":false},{"ty":"tr","p":{"a":0,"k":[88.135,187.006],"ix":2},"a":{"a":0,"k":[0,0],"ix":1},"s":{"a":0,"k":[100,100],"ix":3},"r":{"a":0,"k":0,"ix":6},"o":{"a":0,"k":100,"ix":7},"sk":{"a":0,"k":0,"ix":4},"sa":{"a":0,"k":0,"ix":5},"nm":"Transform"}],"nm":"Group 1","np":2,"cix":2,"bm":0,"ix":1,"mn":"ADBE Vector Group","hd":false}],"ip":20,"op":100,"st":0,"bm":0},{"ddd":0,"ind":28,"ty":4,"nm":"Layer 34 Outlines 2","sr":1,"ks":{"o":{"a":0,"k":100,"ix":11},"r":{"a":0,"k":0,"ix":10},"p":{"a":0,"k":[553.672,559.079,0],"ix":2,"l":2},"a":{"a":0,"k":[180.336,254.04,0],"ix":1,"l":2},"s":{"a":0,"k":[200,200,100],"ix":6,"l":2}},"ao":0,"shapes":[{"ty":"gr","it":[{"ind":0,"ty":"sh","ix":1,"ks":{"a":1,"k":[{"i":{"x":0.833,"y":0.833},"o":{"x":0.167,"y":0.167},"t":20,"s":[{"i":[[0.467,3.083],[0.604,2.013],[0.089,-1.434],[-0.188,-2.007],[0,0],[0,0],[0,0],[0,0]],"o":[[-0.361,-2.385],[-0.646,-5.112],[-0.161,2.316],[0.312,3.618],[0,0],[0,0],[0,0],[0,0]],"v":[[75.477,79.38],[74.887,74.232],[72.027,75.178],[72.179,82.002],[71.89,89.866],[74.076,86.279],[74.317,85.529],[75.562,85.944]],"c":true}]},{"i":{"x":0.667,"y":1},"o":{"x":0.167,"y":0.167},"t":30,"s":[{"i":[[1.022,8.645],[-0.209,2.575],[0.776,-2.247],[-0.534,-4.943],[0,0],[0,0],[0,0],[0,0]],"o":[[-0.546,-4.517],[-0.646,-5.112],[-0.349,3.503],[0.862,8.456],[0,0],[0,0],[0,0],[0,0]],"v":[[68.789,52.88],[67.574,35.419],[63.839,35.366],[64.741,53.939],[69.015,73.429],[72.138,72.341],[72.379,71.591],[73.624,72.007]],"c":true}]},{"t":40,"s":[{"i":[[1.578,14.207],[2.607,3.879],[-0.786,-2.309],[-0.879,-7.878],[0,0],[0,0],[0,0],[0,0]],"o":[[-0.731,-6.649],[-0.646,-5.112],[2.991,3.493],[1.412,13.294],[0,0],[0,0],[0,0],[0,0]],"v":[[72.102,38.379],[63.762,18.107],[56.152,17.553],[66.304,39.126],[66.14,56.991],[70.201,58.404],[70.442,57.654],[71.687,58.069]],"c":true}]}],"ix":2},"nm":"Path 1","mn":"ADBE Vector Shape - Group","hd":false},{"ty":"fl","c":{"a":0,"k":[0.611764705882,0.788235353956,0.078431372549,1],"ix":4},"o":{"a":0,"k":100,"ix":5},"r":1,"bm":0,"nm":"Fill 1","mn":"ADBE Vector Graphic - Fill","hd":false},{"ty":"tr","p":{"a":0,"k":[88.135,187.006],"ix":2},"a":{"a":0,"k":[0,0],"ix":1},"s":{"a":0,"k":[100,100],"ix":3},"r":{"a":0,"k":0,"ix":6},"o":{"a":0,"k":100,"ix":7},"sk":{"a":0,"k":0,"ix":4},"sa":{"a":0,"k":0,"ix":5},"nm":"Transform"}],"nm":"Group 1","np":2,"cix":2,"bm":0,"ix":1,"mn":"ADBE Vector Group","hd":false}],"ip":20,"op":100,"st":0,"bm":0},{"ddd":0,"ind":29,"ty":3,"nm":"Null 25","sr":1,"ks":{"o":{"a":0,"k":0,"ix":11},"r":{"a":1,"k":[{"i":{"x":[0],"y":[1]},"o":{"x":[0.167],"y":[0.167]},"t":25,"s":[-25]},{"t":70,"s":[0]}],"ix":10},"p":{"s":true,"x":{"a":1,"k":[{"i":{"x":[0.328],"y":[1]},"o":{"x":[0.01],"y":[0.167]},"t":25,"s":[521]},{"t":55,"s":[556]}],"ix":3},"y":{"a":1,"k":[{"i":{"x":[0.328],"y":[1]},"o":{"x":[0.01],"y":[0.167]},"t":25,"s":[537.5]},{"t":55,"s":[437.5]}],"ix":4}},"a":{"a":0,"k":[0,0,0],"ix":1,"l":2},"s":{"a":1,"k":[{"i":{"x":[0.329,0.329,0.667],"y":[1,1,1]},"o":{"x":[0.333,0.333,0.333],"y":[0,0,0]},"t":25,"s":[0,0,100]},{"t":70,"s":[100,100,100]}],"ix":6,"l":2}},"ao":0,"ip":25,"op":100,"st":0,"bm":0},{"ddd":0,"ind":30,"ty":4,"nm":"Layer 33 Outlines","parent":29,"sr":1,"ks":{"o":{"a":0,"k":100,"ix":11},"r":{"a":0,"k":0,"ix":10},"p":{"a":0,"k":[-2.328,121.579,0],"ix":2,"l":2},"a":{"a":0,"k":[180.336,254.04,0],"ix":1,"l":2},"s":{"a":0,"k":[200,200,100],"ix":6,"l":2}},"ao":0,"shapes":[{"ty":"gr","it":[{"ind":0,"ty":"sh","ix":1,"ks":{"a":0,"k":{"i":[[0,0],[-3.154,-12.297]],"o":[[11.854,-23.263],[1.431,5.162]],"v":[[-27.747,13.875],[26.316,-1.578]],"c":true},"ix":2},"nm":"Path 1","mn":"ADBE Vector Shape - Group","hd":false},{"ty":"fl","c":{"a":0,"k":[0.725490196078,0.847058883368,0.207843152214,1],"ix":4},"o":{"a":0,"k":100,"ix":5},"r":1,"bm":0,"nm":"Fill 1","mn":"ADBE Vector Graphic - Fill","hd":false},{"ty":"tr","p":{"a":0,"k":[245.44,137.318],"ix":2},"a":{"a":0,"k":[0,0],"ix":1},"s":{"a":0,"k":[100,100],"ix":3},"r":{"a":0,"k":0,"ix":6},"o":{"a":0,"k":100,"ix":7},"sk":{"a":0,"k":0,"ix":4},"sa":{"a":0,"k":0,"ix":5},"nm":"Transform"}],"nm":"Group 1","np":2,"cix":2,"bm":0,"ix":1,"mn":"ADBE Vector Group","hd":false}],"ip":25,"op":100,"st":0,"bm":0},{"ddd":0,"ind":31,"ty":4,"nm":"Layer 32 Outlines","parent":29,"sr":1,"ks":{"o":{"a":0,"k":100,"ix":11},"r":{"a":0,"k":0,"ix":10},"p":{"a":0,"k":[-2.328,121.579,0],"ix":2,"l":2},"a":{"a":0,"k":[180.336,254.04,0],"ix":1,"l":2},"s":{"a":0,"k":[200,200,100],"ix":6,"l":2}},"ao":0,"shapes":[{"ty":"gr","it":[{"ind":0,"ty":"sh","ix":1,"ks":{"a":0,"k":{"i":[[0,0],[-14.183,0.662],[5.474,2.908]],"o":[[13.186,6.982],[-20.991,5.4],[0,0]],"v":[[-18.658,-7.271],[22.142,1.871],[-22.142,-4.029]],"c":true},"ix":2},"nm":"Path 1","mn":"ADBE Vector Shape - Group","hd":false},{"ty":"fl","c":{"a":0,"k":[0.411764735802,0.596078431373,0.054901964524,1],"ix":4},"o":{"a":0,"k":100,"ix":5},"r":1,"bm":0,"nm":"Fill 1","mn":"ADBE Vector Graphic - Fill","hd":false},{"ty":"tr","p":{"a":0,"k":[223.506,182.306],"ix":2},"a":{"a":0,"k":[0,0],"ix":1},"s":{"a":0,"k":[100,100],"ix":3},"r":{"a":0,"k":0,"ix":6},"o":{"a":0,"k":100,"ix":7},"sk":{"a":0,"k":0,"ix":4},"sa":{"a":0,"k":0,"ix":5},"nm":"Transform"}],"nm":"Group 1","np":2,"cix":2,"bm":0,"ix":1,"mn":"ADBE Vector Group","hd":false},{"ty":"gr","it":[{"ind":0,"ty":"sh","ix":1,"ks":{"a":0,"k":{"i":[[0,0],[-14.259,0.667],[5.39,2.908]],"o":[[13.188,6.979],[-20.979,5.4],[0,0]],"v":[[-18.658,-7.269],[22.141,1.869],[-22.14,-4.03]],"c":true},"ix":2},"nm":"Path 1","mn":"ADBE Vector Shape - Group","hd":false},{"ty":"fl","c":{"a":0,"k":[0.411764735802,0.596078431373,0.054901964524,1],"ix":4},"o":{"a":0,"k":100,"ix":5},"r":1,"bm":0,"nm":"Fill 1","mn":"ADBE Vector Graphic - Fill","hd":false},{"ty":"tr","p":{"a":0,"k":[260.572,157.797],"ix":2},"a":{"a":0,"k":[0,0],"ix":1},"s":{"a":0,"k":[100,100],"ix":3},"r":{"a":0,"k":0,"ix":6},"o":{"a":0,"k":100,"ix":7},"sk":{"a":0,"k":0,"ix":4},"sa":{"a":0,"k":0,"ix":5},"nm":"Transform"}],"nm":"Group 2","np":2,"cix":2,"bm":0,"ix":2,"mn":"ADBE Vector Group","hd":false},{"ty":"gr","it":[{"ind":0,"ty":"sh","ix":1,"ks":{"a":0,"k":{"i":[[0,0],[-0.995,-1.411],[24.046,-8.898],[4.227,-3.321],[0,0],[-13.35,4.651]],"o":[[24.127,-8.308],[0.579,0.917],[-15.174,5.561],[-15.34,12.131],[1.66,-15.868],[0,0]],"v":[[-3.025,-14.586],[53.278,-25.387],[-0.62,-9.674],[-31.053,7.855],[-53.857,26.798],[-3.025,-14.576]],"c":true},"ix":2},"nm":"Path 1","mn":"ADBE Vector Shape - Group","hd":false},{"ty":"fl","c":{"a":0,"k":[0.411764735802,0.596078431373,0.054901964524,1],"ix":4},"o":{"a":0,"k":100,"ix":5},"r":1,"bm":0,"nm":"Fill 1","mn":"ADBE Vector Graphic - Fill","hd":false},{"ty":"tr","p":{"a":0,"k":[243.448,163.535],"ix":2},"a":{"a":0,"k":[0,0],"ix":1},"s":{"a":0,"k":[100,100],"ix":3},"r":{"a":0,"k":0,"ix":6},"o":{"a":0,"k":100,"ix":7},"sk":{"a":0,"k":0,"ix":4},"sa":{"a":0,"k":0,"ix":5},"nm":"Transform"}],"nm":"Group 3","np":2,"cix":2,"bm":0,"ix":3,"mn":"ADBE Vector Group","hd":false},{"ty":"gr","it":[{"ind":0,"ty":"sh","ix":1,"ks":{"a":0,"k":{"i":[[0,0],[-14.595,0.747],[1.324,-0.249],[0,0],[5.55,2.903],[0,0],[-0.582,-0.334]],"o":[[13.512,7.143],[-1.325,0.334],[0,0],[-21.473,5.56],[0,0],[0.662,0.333],[0,0]],"v":[[-17.161,-7.889],[24.549,1.415],[20.57,2.329],[20.811,2.329],[-24.549,-3.649],[-20.983,-6.975],[-19.156,-6.059]],"c":true},"ix":2},"nm":"Path 1","mn":"ADBE Vector Shape - Group","hd":false},{"ty":"fl","c":{"a":0,"k":[0.411764735802,0.596078431373,0.054901964524,1],"ix":4},"o":{"a":0,"k":100,"ix":5},"r":1,"bm":0,"nm":"Fill 1","mn":"ADBE Vector Graphic - Fill","hd":false},{"ty":"tr","p":{"a":0,"k":[240.915,169.965],"ix":2},"a":{"a":0,"k":[0,0],"ix":1},"s":{"a":0,"k":[100,100],"ix":3},"r":{"a":0,"k":0,"ix":6},"o":{"a":0,"k":100,"ix":7},"sk":{"a":0,"k":0,"ix":4},"sa":{"a":0,"k":0,"ix":5},"nm":"Transform"}],"nm":"Group 4","np":2,"cix":2,"bm":0,"ix":4,"mn":"ADBE Vector Group","hd":false}],"ip":25,"op":100,"st":0,"bm":0},{"ddd":0,"ind":32,"ty":4,"nm":"Layer 31 Outlines 2","parent":29,"sr":1,"ks":{"o":{"a":0,"k":100,"ix":11},"r":{"a":0,"k":0,"ix":10},"p":{"a":0,"k":[-2.328,121.579,0],"ix":2,"l":2},"a":{"a":0,"k":[180.336,254.04,0],"ix":1,"l":2},"s":{"a":0,"k":[200,200,100],"ix":6,"l":2}},"ao":0,"shapes":[{"ty":"gr","it":[{"ind":0,"ty":"sh","ix":1,"ks":{"a":0,"k":{"i":[[0,0],[-2.985,8.971],[-34.744,-2.993],[-1.161,-4.821],[8.042,-8.638],[15.507,-10.051],[7.296,0.829],[5.141,1.83],[-0.226,4.086]],"o":[[2.821,-7.146],[9.952,-30.075],[26.299,2.243],[0.164,0.413],[-10.947,11.717],[-22.47,14.541],[-11.031,-1.332],[-3.777,-0.234],[0,0]],"v":[[-55.891,9.306],[-53.322,-16.865],[27.278,-54.999],[79.77,-38.215],[57.131,-20.689],[23.796,13.125],[-26.038,24.676],[-50.253,19.191],[-56.303,12.371]],"c":true},"ix":2},"nm":"Path 1","mn":"ADBE Vector Shape - Group","hd":false},{"ty":"fl","c":{"a":0,"k":[0.611764705882,0.788235353956,0.078431372549,1],"ix":4},"o":{"a":0,"k":100,"ix":5},"r":1,"bm":0,"nm":"Fill 1","mn":"ADBE Vector Graphic - Fill","hd":false},{"ty":"tr","p":{"a":0,"k":[235.78,177.043],"ix":2},"a":{"a":0,"k":[0,0],"ix":1},"s":{"a":0,"k":[100,100],"ix":3},"r":{"a":0,"k":0,"ix":6},"o":{"a":0,"k":100,"ix":7},"sk":{"a":0,"k":0,"ix":4},"sa":{"a":0,"k":0,"ix":5},"nm":"Transform"}],"nm":"Group 1","np":2,"cix":2,"bm":0,"ix":1,"mn":"ADBE Vector Group","hd":false}],"ip":25,"op":100,"st":0,"bm":0},{"ddd":0,"ind":33,"ty":4,"nm":"Layer 31 Outlines","sr":1,"ks":{"o":{"a":0,"k":100,"ix":11},"r":{"a":0,"k":0,"ix":10},"p":{"a":0,"k":[553.672,559.079,0],"ix":2,"l":2},"a":{"a":0,"k":[180.336,254.04,0],"ix":1,"l":2},"s":{"a":0,"k":[200,200,100],"ix":6,"l":2}},"ao":0,"shapes":[{"ty":"gr","it":[{"ind":0,"ty":"sh","ix":1,"ks":{"a":1,"k":[{"i":{"x":0.027,"y":1},"o":{"x":0.167,"y":0.167},"t":25,"s":[{"i":[[0.348,-1.484],[0.331,-3.035],[0.283,-1.785],[0,0],[-0.203,1.665],[-0.811,2.394]],"o":[[-0.902,3.141],[-0.174,1.601],[0,0],[-0.22,-1.993],[0.297,-2.21],[0.649,-1.914]],"v":[[-70.753,69.816],[-72.486,77.242],[-72.562,83.492],[-74.434,82.075],[-74.202,76.167],[-72.803,69.746]],"c":true}]},{"t":55,"s":[{"i":[[3.473,-1.984],[2.982,-4.571],[1.745,-9.14],[0,0],[-6.059,9.135],[-5.524,2.164]],"o":[[-4.227,2.743],[-5.392,8.219],[0,0],[1.824,-9.969],[3.315,-5.077],[5.524,-2.164]],"v":[[-50.253,19.191],[-61.111,30.492],[-71.562,57.992],[-79.934,55.575],[-68.327,25.167],[-56.303,12.371]],"c":true}]}],"ix":2},"nm":"Path 1","mn":"ADBE Vector Shape - Group","hd":false},{"ty":"fl","c":{"a":0,"k":[0.611764705882,0.788235353956,0.078431372549,1],"ix":4},"o":{"a":0,"k":100,"ix":5},"r":1,"bm":0,"nm":"Fill 1","mn":"ADBE Vector Graphic - Fill","hd":false},{"ty":"tr","p":{"a":0,"k":[235.78,177.043],"ix":2},"a":{"a":0,"k":[0,0],"ix":1},"s":{"a":0,"k":[100,100],"ix":3},"r":{"a":0,"k":0,"ix":6},"o":{"a":0,"k":100,"ix":7},"sk":{"a":0,"k":0,"ix":4},"sa":{"a":0,"k":0,"ix":5},"nm":"Transform"}],"nm":"Group 1","np":2,"cix":2,"bm":0,"ix":1,"mn":"ADBE Vector Group","hd":false}],"ip":25,"op":100,"st":0,"bm":0},{"ddd":0,"ind":34,"ty":3,"nm":"Null 26","sr":1,"ks":{"o":{"a":0,"k":0,"ix":11},"r":{"a":1,"k":[{"i":{"x":[0],"y":[1]},"o":{"x":[0.167],"y":[0.167]},"t":30,"s":[-89]},{"t":80,"s":[0]}],"ix":10},"p":{"s":true,"x":{"a":1,"k":[{"i":{"x":[0.499],"y":[1]},"o":{"x":[0.01],"y":[0.162]},"t":30,"s":[525.25]},{"t":60,"s":[574]}],"ix":3},"y":{"a":1,"k":[{"i":{"x":[0.499],"y":[1]},"o":{"x":[0.01],"y":[0.184]},"t":30,"s":[374.25]},{"t":60,"s":[263.5]}],"ix":4}},"a":{"a":0,"k":[0,0,0],"ix":1,"l":2},"s":{"a":1,"k":[{"i":{"x":[0.099,0.099,0.667],"y":[1,1,1]},"o":{"x":[0.333,0.333,0.333],"y":[0,0,0]},"t":35,"s":[0,0,100]},{"t":80,"s":[100,100,100]}],"ix":6,"l":2}},"ao":0,"ip":30,"op":100,"st":0,"bm":0},{"ddd":0,"ind":35,"ty":4,"nm":"Layer 30 Outlines","parent":34,"sr":1,"ks":{"o":{"a":0,"k":100,"ix":11},"r":{"a":0,"k":0,"ix":10},"p":{"a":0,"k":[-20.328,295.579,0],"ix":2,"l":2},"a":{"a":0,"k":[180.336,254.04,0],"ix":1,"l":2},"s":{"a":0,"k":[200,200,100],"ix":6,"l":2}},"ao":0,"shapes":[{"ty":"gr","it":[{"ind":0,"ty":"sh","ix":1,"ks":{"a":0,"k":{"i":[[0,0],[-23.963,10.136],[3.233,-4.405],[12.437,-24.005]],"o":[[0,0],[23.886,-10.139],[-3.233,4.404],[0,0]],"v":[[-29.933,27.002],[-1.826,-16.864],[26.701,-18.688],[-29.933,27.001]],"c":true},"ix":2},"nm":"Path 1","mn":"ADBE Vector Shape - Group","hd":false},{"ty":"fl","c":{"a":0,"k":[0.725490196078,0.847058883368,0.207843152214,1],"ix":4},"o":{"a":0,"k":100,"ix":5},"r":1,"bm":0,"nm":"Fill 1","mn":"ADBE Vector Graphic - Fill","hd":false},{"ty":"tr","p":{"a":0,"k":[226.492,38.532],"ix":2},"a":{"a":0,"k":[0,0],"ix":1},"s":{"a":0,"k":[100,100],"ix":3},"r":{"a":0,"k":0,"ix":6},"o":{"a":0,"k":100,"ix":7},"sk":{"a":0,"k":0,"ix":4},"sa":{"a":0,"k":0,"ix":5},"nm":"Transform"}],"nm":"Group 1","np":2,"cix":2,"bm":0,"ix":1,"mn":"ADBE Vector Group","hd":false}],"ip":30,"op":100,"st":0,"bm":0},{"ddd":0,"ind":36,"ty":4,"nm":"Layer 29 Outlines","parent":34,"sr":1,"ks":{"o":{"a":0,"k":100,"ix":11},"r":{"a":0,"k":0,"ix":10},"p":{"a":0,"k":[-20.328,295.579,0],"ix":2,"l":2},"a":{"a":0,"k":[180.336,254.04,0],"ix":1,"l":2},"s":{"a":0,"k":[200,200,100],"ix":6,"l":2}},"ao":0,"shapes":[{"ty":"gr","it":[{"ind":0,"ty":"sh","ix":1,"ks":{"a":0,"k":{"i":[[0,0],[-13.101,4.735],[5.79,1.247]],"o":[[14.262,3.155],[-18.076,11.296],[0,0]],"v":[[-19.157,-3.156],[21.473,-5.648],[-21.473,1.082]],"c":true},"ix":2},"nm":"Path 1","mn":"ADBE Vector Shape - Group","hd":false},{"ty":"fl","c":{"a":0,"k":[0.509803921569,0.705882352941,0.18431372549,1],"ix":4},"o":{"a":0,"k":100,"ix":5},"r":1,"bm":0,"nm":"Fill 1","mn":"ADBE Vector Graphic - Fill","hd":false},{"ty":"tr","p":{"a":0,"k":[249.795,45.512],"ix":2},"a":{"a":0,"k":[0,0],"ix":1},"s":{"a":0,"k":[100,100],"ix":3},"r":{"a":0,"k":0,"ix":6},"o":{"a":0,"k":100,"ix":7},"sk":{"a":0,"k":0,"ix":4},"sa":{"a":0,"k":0,"ix":5},"nm":"Transform"}],"nm":"Group 1","np":2,"cix":2,"bm":0,"ix":1,"mn":"ADBE Vector Group","hd":false},{"ty":"gr","it":[{"ind":0,"ty":"sh","ix":1,"ks":{"a":0,"k":{"i":[[-11.113,8.224],[-1.332,-1.163],[19.988,-15.537],[2.985,-4.402],[0,0]],"o":[[20.234,-15.039],[0.83,0.749],[-12.522,9.72],[-10.857,16.196],[-2.896,-16.117]],"v":[[-5.851,-13.667],[43.736,-40.171],[-2.203,-9.598],[-25.667,16.244],[-41.67,41.334]],"c":true},"ix":2},"nm":"Path 1","mn":"ADBE Vector Shape - Group","hd":false},{"ty":"fl","c":{"a":0,"k":[0.509803921569,0.705882352941,0.18431372549,1],"ix":4},"o":{"a":0,"k":100,"ix":5},"r":1,"bm":0,"nm":"Fill 1","mn":"ADBE Vector Graphic - Fill","hd":false},{"ty":"tr","p":{"a":0,"k":[234.58,54.943],"ix":2},"a":{"a":0,"k":[0,0],"ix":1},"s":{"a":0,"k":[100,100],"ix":3},"r":{"a":0,"k":0,"ix":6},"o":{"a":0,"k":100,"ix":7},"sk":{"a":0,"k":0,"ix":4},"sa":{"a":0,"k":0,"ix":5},"nm":"Transform"}],"nm":"Group 2","np":2,"cix":2,"bm":0,"ix":2,"mn":"ADBE Vector Group","hd":false},{"ty":"gr","it":[{"ind":0,"ty":"sh","ix":1,"ks":{"a":0,"k":{"i":[[0,0],[-13.352,4.821],[1.197,-0.6],[0,0],[5.971,1.329],[0,0],[-0.654,-0.177]],"o":[[14.679,3.322],[-1.124,0.729],[0,0],[-18.491,11.548],[0,0],[0.671,0.096],[0,0]],"v":[[-17.991,-4.235],[23.638,-6.73],[20.154,-4.735],[20.395,-4.818],[-23.637,1.995],[-21.224,-2.241],[-19.234,-1.83]],"c":true},"ix":2},"nm":"Path 1","mn":"ADBE Vector Shape - Group","hd":false},{"ty":"fl","c":{"a":0,"k":[0.509803921569,0.705882352941,0.18431372549,1],"ix":4},"o":{"a":0,"k":100,"ix":5},"r":1,"bm":0,"nm":"Fill 1","mn":"ADBE Vector Graphic - Fill","hd":false},{"ty":"tr","p":{"a":0,"k":[234.863,63.042],"ix":2},"a":{"a":0,"k":[0,0],"ix":1},"s":{"a":0,"k":[100,100],"ix":3},"r":{"a":0,"k":0,"ix":6},"o":{"a":0,"k":100,"ix":7},"sk":{"a":0,"k":0,"ix":4},"sa":{"a":0,"k":0,"ix":5},"nm":"Transform"}],"nm":"Group 3","np":2,"cix":2,"bm":0,"ix":3,"mn":"ADBE Vector Group","hd":false},{"ty":"gr","it":[{"ind":0,"ty":"sh","ix":1,"ks":{"a":0,"k":{"i":[[0,0],[-13.102,4.733],[5.79,1.332]],"o":[[14.262,3.16],[-18.077,11.299],[0,0]],"v":[[-19.157,-3.16],[21.474,-5.65],[-21.473,0.996]],"c":true},"ix":2},"nm":"Path 1","mn":"ADBE Vector Shape - Group","hd":false},{"ty":"fl","c":{"a":0,"k":[0.509803921569,0.705882352941,0.18431372549,1],"ix":4},"o":{"a":0,"k":100,"ix":5},"r":1,"bm":0,"nm":"Fill 1","mn":"ADBE Vector Graphic - Fill","hd":false},{"ty":"tr","p":{"a":0,"k":[222.1,80.075],"ix":2},"a":{"a":0,"k":[0,0],"ix":1},"s":{"a":0,"k":[100,100],"ix":3},"r":{"a":0,"k":0,"ix":6},"o":{"a":0,"k":100,"ix":7},"sk":{"a":0,"k":0,"ix":4},"sa":{"a":0,"k":0,"ix":5},"nm":"Transform"}],"nm":"Group 4","np":2,"cix":2,"bm":0,"ix":4,"mn":"ADBE Vector Group","hd":false}],"ip":30,"op":100,"st":0,"bm":0},{"ddd":0,"ind":37,"ty":4,"nm":"Layer 28 Outlines 2","parent":34,"sr":1,"ks":{"o":{"a":0,"k":100,"ix":11},"r":{"a":0,"k":0,"ix":10},"p":{"a":0,"k":[-20.328,295.579,0],"ix":2,"l":2},"a":{"a":0,"k":[180.336,254.04,0],"ix":1,"l":2},"s":{"a":0,"k":[200,200,100],"ix":6,"l":2}},"ao":0,"shapes":[{"ty":"gr","it":[{"ind":0,"ty":"sh","ix":1,"ks":{"a":0,"k":{"i":[[25.124,-5.149],[0.828,-32.393],[0,0],[-1.951,-9.633],[-5.22,-0.502],[-10.65,1.762],[-16.914,20.604],[-6.881,14.62],[0.242,0.413]],"o":[[-33.337,6.812],[0,0],[-0.138,5.504],[0,0],[5.22,0.502],[7.048,-1.168],[11.692,-14.289],[5.055,-10.816],[-2.403,-4.407]],"v":[[11.531,-70.66],[-53.066,-10.423],[-53.061,-10.41],[-47.927,17.827],[-39.845,24.297],[-15.83,22.906],[27.455,-2.436],[49.097,-45.138],[65.262,-68.829]],"c":true},"ix":2},"nm":"Path 1","mn":"ADBE Vector Shape - Group","hd":false},{"ty":"fl","c":{"a":0,"k":[0.611764705882,0.788235353956,0.078431372549,1],"ix":4},"o":{"a":0,"k":100,"ix":5},"r":1,"bm":0,"nm":"Fill 1","mn":"ADBE Vector Graphic - Fill","hd":false},{"ty":"tr","p":{"a":0,"k":[232.375,78.452],"ix":2},"a":{"a":0,"k":[0,0],"ix":1},"s":{"a":0,"k":[100,100],"ix":3},"r":{"a":0,"k":0,"ix":6},"o":{"a":0,"k":100,"ix":7},"sk":{"a":0,"k":0,"ix":4},"sa":{"a":0,"k":0,"ix":5},"nm":"Transform"}],"nm":"Group 1","np":2,"cix":2,"bm":0,"ix":1,"mn":"ADBE Vector Group","hd":false}],"ip":30,"op":100,"st":0,"bm":0},{"ddd":0,"ind":38,"ty":4,"nm":"Layer 28 Outlines","sr":1,"ks":{"o":{"a":0,"k":100,"ix":11},"r":{"a":0,"k":0,"ix":10},"p":{"a":0,"k":[553.672,559.079,0],"ix":2,"l":2},"a":{"a":0,"k":[180.336,254.04,0],"ix":1,"l":2},"s":{"a":0,"k":[200,200,100],"ix":6,"l":2}},"ao":0,"shapes":[{"ty":"gr","it":[{"ind":0,"ty":"sh","ix":1,"ks":{"a":1,"k":[{"i":{"x":0.833,"y":0.833},"o":{"x":0.167,"y":0.167},"t":30,"s":[{"i":[[3.552,-3.528],[0,0],[0.837,-2.733],[0.233,-1.814],[0,0],[0,0],[-0.526,1.285],[-0.338,2.163],[-0.258,1.685]],"o":[[0,0],[-0.41,1.47],[-0.562,1.836],[-0.142,1.936],[0,0],[0,0],[0.099,-1.09],[0.301,-1.925],[0,0]],"v":[[-65.427,89.077],[-66.465,92.953],[-67.188,97.212],[-68.108,102.363],[-68.19,106.059],[-64.593,105.029],[-64.974,101.764],[-64.426,97.223],[-63.492,91.988]],"c":true}]},{"i":{"x":0.833,"y":0.833},"o":{"x":0.167,"y":0.167},"t":45,"s":[{"i":[[3.552,-3.528],[0,0],[2.563,-3.664],[0.483,-5.064],[0,0],[0,0],[-1.026,5.91],[-2.14,4.55],[-1.758,4.935]],"o":[[0,0],[-1.535,3.47],[-3.258,4.658],[-0.892,5.311],[0,0],[0,0],[0.974,-4.09],[3.551,-7.55],[0,0]],"v":[[-48.927,28.327],[-49.715,29.453],[-55.063,42.963],[-60.608,57.362],[-61.19,75.809],[-57.093,76.404],[-55.224,61.138],[-52.176,49.598],[-45.367,33.488]],"c":true}]},{"t":60,"s":[{"i":[[3.552,-3.528],[0,0],[3.371,-4.946],[2.309,-5.064],[0,0],[0,0],[-3.069,6.981],[-3.057,3.992],[1.008,8.065]],"o":[[0,0],[0.636,5.951],[-3.202,4.697],[-4.896,10.967],[0,0],[0,0],[1.619,-3.561],[5.212,-6.805],[-1.008,-8.065]],"v":[[-47.927,13.827],[-46.965,26.828],[-51.188,43.713],[-60.608,59.612],[-61.19,75.809],[-55.718,71.404],[-54.224,62.513],[-46.426,50.473],[-39.617,26.613]],"c":true}]}],"ix":2},"nm":"Path 1","mn":"ADBE Vector Shape - Group","hd":false},{"ty":"fl","c":{"a":0,"k":[0.611764705882,0.788235353956,0.078431372549,1],"ix":4},"o":{"a":0,"k":100,"ix":5},"r":1,"bm":0,"nm":"Fill 1","mn":"ADBE Vector Graphic - Fill","hd":false},{"ty":"tr","p":{"a":0,"k":[232.375,78.452],"ix":2},"a":{"a":0,"k":[0,0],"ix":1},"s":{"a":0,"k":[100,100],"ix":3},"r":{"a":0,"k":0,"ix":6},"o":{"a":0,"k":100,"ix":7},"sk":{"a":0,"k":0,"ix":4},"sa":{"a":0,"k":0,"ix":5},"nm":"Transform"}],"nm":"Group 1","np":2,"cix":2,"bm":0,"ix":1,"mn":"ADBE Vector Group","hd":false}],"ip":30,"op":100,"st":0,"bm":0},{"ddd":0,"ind":39,"ty":4,"nm":"Layer 27 Outlines","sr":1,"ks":{"o":{"a":0,"k":100,"ix":11},"r":{"a":0,"k":0,"ix":10},"p":{"a":0,"k":[553.672,559.079,0],"ix":2,"l":2},"a":{"a":0,"k":[180.336,254.04,0],"ix":1,"l":2},"s":{"a":0,"k":[200,200,100],"ix":6,"l":2}},"ao":0,"shapes":[{"ty":"gr","it":[{"ind":0,"ty":"sh","ix":1,"ks":{"a":1,"k":[{"i":{"x":0.833,"y":0.833},"o":{"x":0.167,"y":0.167},"t":50,"s":[{"i":[[0,0],[-0.133,-1.75],[0,0],[0,0],[-0.41,3.348],[0,0.083]],"o":[[0,0.082],[0.313,4.109],[0,0],[0,0],[0.254,-2.071],[0,0]],"v":[[6.052,9.977],[9.622,14.077],[9.951,19.648],[6.101,24.744],[6.11,18.773],[6.362,14.251]],"c":true}]},{"i":{"x":0.833,"y":0.833},"o":{"x":0.167,"y":0.167},"t":60,"s":[{"i":[[-4.187,-3.599],[-4.309,-9.639],[0,0],[0,0],[3.151,7.061],[4.248,4.05]],"o":[[4.187,3.599],[4.891,10.965],[0,0],[0,0],[-3.73,-8.309],[-4.248,-4.05]],"v":[[-6.698,-12.148],[7.497,4.202],[9.951,19.648],[4.476,15.244],[2.985,6.273],[-9.638,-9.373]],"c":true}]},{"t":70,"s":[{"i":[[-4.187,-3.599],[-4.309,-9.639],[0,0],[0,0],[3.151,7.061],[4.248,4.05]],"o":[[4.187,3.599],[4.891,10.965],[0,0],[0,0],[-3.73,-8.309],[-4.248,-4.05]],"v":[[-9.448,-19.648],[9.372,3.452],[9.951,19.648],[4.476,15.244],[2.985,6.273],[-14.263,-14.498]],"c":true}]}],"ix":2},"nm":"Path 1","mn":"ADBE Vector Shape - Group","hd":false},{"ty":"fl","c":{"a":0,"k":[0.611764705882,0.788235353956,0.078431372549,1],"ix":4},"o":{"a":0,"k":100,"ix":5},"r":1,"bm":0,"nm":"Fill 1","mn":"ADBE Vector Graphic - Fill","hd":false},{"ty":"tr","p":{"a":0,"k":[162.636,157.049],"ix":2},"a":{"a":0,"k":[0,0],"ix":1},"s":{"a":0,"k":[100,100],"ix":3},"r":{"a":0,"k":0,"ix":6},"o":{"a":0,"k":100,"ix":7},"sk":{"a":0,"k":0,"ix":4},"sa":{"a":0,"k":0,"ix":5},"nm":"Transform"}],"nm":"Group 1","np":2,"cix":2,"bm":0,"ix":1,"mn":"ADBE Vector Group","hd":false}],"ip":50,"op":100,"st":0,"bm":0},{"ddd":0,"ind":40,"ty":4,"nm":"Layer 26 Outlines","sr":1,"ks":{"o":{"a":0,"k":100,"ix":11},"r":{"a":0,"k":0,"ix":10},"p":{"a":0,"k":[553.672,559.079,0],"ix":2,"l":2},"a":{"a":0,"k":[180.336,254.04,0],"ix":1,"l":2},"s":{"a":0,"k":[200,200,100],"ix":6,"l":2}},"ao":0,"shapes":[{"ty":"gr","it":[{"ind":0,"ty":"sh","ix":1,"ks":{"a":1,"k":[{"i":{"x":0.833,"y":0.833},"o":{"x":0.167,"y":0.167},"t":50,"s":[{"i":[[0,0],[0.226,-2.073],[0,0],[0,0],[-1.581,1.785],[-0.082,0]],"o":[[-0.082,0],[-0.224,2.06],[0,0],[0,0],[1.544,-1.84],[0,0]],"v":[[-8.492,13.024],[-8.939,17.438],[-9.215,21.415],[-12.604,14.867],[-10.582,9.713],[-7.811,6.758]],"c":true}]},{"i":{"x":0,"y":1},"o":{"x":0.167,"y":0.167},"t":60,"s":[{"i":[[2.954,-1.651],[4.89,-6.396],[0,0],[0,0],[-6.551,8.379],[-4.795,2.085]],"o":[[-5.599,3.13],[-4.148,5.403],[0,0],[0,0],[5.638,-7.479],[2.898,-1.26]],"v":[[7.383,-8.476],[-5.064,3.938],[-8.465,14.04],[-12.604,14.867],[-8.707,1.088],[7.189,-11.367]],"c":true}]},{"t":70,"s":[{"i":[[5.546,-3.224],[4.89,-6.396],[0,0],[0,0],[-6.551,8.379],[-4.773,2.135]],"o":[[-5.546,3.224],[-4.148,5.403],[0,0],[0,0],[5.638,-7.479],[4.773,-2.135]],"v":[[15.258,-9.476],[-3.814,4.813],[-6.965,12.29],[-12.604,14.867],[-8.707,1.088],[12.189,-14.867]],"c":true}]}],"ix":2},"nm":"Path 1","mn":"ADBE Vector Shape - Group","hd":false},{"ty":"fl","c":{"a":0,"k":[0.611764705882,0.788235353956,0.078431372549,1],"ix":4},"o":{"a":0,"k":100,"ix":5},"r":1,"bm":0,"nm":"Fill 1","mn":"ADBE Vector Graphic - Fill","hd":false},{"ty":"tr","p":{"a":0,"k":[166.538,243.252],"ix":2},"a":{"a":0,"k":[0,0],"ix":1},"s":{"a":0,"k":[100,100],"ix":3},"r":{"a":0,"k":0,"ix":6},"o":{"a":0,"k":100,"ix":7},"sk":{"a":0,"k":0,"ix":4},"sa":{"a":0,"k":0,"ix":5},"nm":"Transform"}],"nm":"Group 1","np":2,"cix":2,"bm":0,"ix":1,"mn":"ADBE Vector Group","hd":false}],"ip":50,"op":110,"st":10,"bm":0},{"ddd":0,"ind":41,"ty":4,"nm":"dust8","sr":1,"ks":{"o":{"a":0,"k":100,"ix":11},"r":{"a":1,"k":[{"i":{"x":[0.833],"y":[0.833]},"o":{"x":[0.167],"y":[0.167]},"t":3,"s":[0]},{"t":9,"s":[-60]}],"ix":10},"p":{"s":true,"x":{"a":1,"k":[{"i":{"x":[0.833],"y":[0.833]},"o":{"x":[0.167],"y":[0.167]},"t":3,"s":[529.385]},{"i":{"x":[0.833],"y":[0.833]},"o":{"x":[0.167],"y":[0.167]},"t":6,"s":[518.879]},{"t":9,"s":[511.385]}],"ix":3},"y":{"a":1,"k":[{"i":{"x":[0.475],"y":[0.975]},"o":{"x":[0.124],"y":[0.162]},"t":3,"s":[864.252]},{"i":{"x":[0.94],"y":[0.934]},"o":{"x":[0.433],"y":[-0.019]},"t":6,"s":[843.505]},{"t":9,"s":[865.252]}],"ix":4}},"a":{"a":0,"k":[-5.551,316.252,0],"ix":1,"l":2},"s":{"a":0,"k":[30,30,100],"ix":6,"l":2}},"ao":0,"shapes":[{"ty":"gr","it":[{"ind":0,"ty":"sh","ix":1,"ks":{"a":0,"k":{"i":[[-11.046,0],[0,-11.046],[11.046,0],[-5.172,9.76]],"o":[[11.046,0],[0,11.046],[-11.046,0],[5.565,-10.5]],"v":[[0,-20],[20,0],[0,10.5],[-20,0]],"c":true},"ix":2},"nm":"Path 1","mn":"ADBE Vector Shape - Group","hd":false},{"ty":"fl","c":{"a":0,"k":[0.341176470588,0.133333333333,0.078431372549,1],"ix":4},"o":{"a":0,"k":100,"ix":5},"r":1,"bm":0,"nm":"Fill 1","mn":"ADBE Vector Graphic - Fill","hd":false},{"ty":"tr","p":{"a":0,"k":[-5,321],"ix":2},"a":{"a":0,"k":[0,0],"ix":1},"s":{"a":0,"k":[100,100],"ix":3},"r":{"a":0,"k":0,"ix":6},"o":{"a":0,"k":100,"ix":7},"sk":{"a":0,"k":0,"ix":4},"sa":{"a":0,"k":0,"ix":5},"nm":"Transform"}],"nm":"Ellipse 1","np":3,"cix":2,"bm":0,"ix":1,"mn":"ADBE Vector Group","hd":false}],"ip":3,"op":103,"st":3,"bm":0},{"ddd":0,"ind":42,"ty":4,"nm":"dust7","sr":1,"ks":{"o":{"a":0,"k":100,"ix":11},"r":{"a":1,"k":[{"i":{"x":[0.833],"y":[0.833]},"o":{"x":[0.167],"y":[0.167]},"t":3,"s":[0]},{"t":13,"s":[60]}],"ix":10},"p":{"s":true,"x":{"a":1,"k":[{"i":{"x":[0.472],"y":[0.405]},"o":{"x":[0.092],"y":[0.198]},"t":3,"s":[529.385]},{"i":{"x":[0.924],"y":[1.015]},"o":{"x":[0.357],"y":[0.275]},"t":8,"s":[556.379]},{"t":13,"s":[595.885]}],"ix":3},"y":{"a":1,"k":[{"i":{"x":[0.476],"y":[0.745]},"o":{"x":[0.124],"y":[0.379]},"t":3,"s":[864.252]},{"i":{"x":[0.94],"y":[0.839]},"o":{"x":[0.523],"y":[-0.158]},"t":8,"s":[849.505]},{"t":13,"s":[873.252]}],"ix":4}},"a":{"a":0,"k":[-5.551,316.252,0],"ix":1,"l":2},"s":{"a":0,"k":[60,60,100],"ix":6,"l":2}},"ao":0,"shapes":[{"ty":"gr","it":[{"ind":0,"ty":"sh","ix":1,"ks":{"a":0,"k":{"i":[[-11.046,0],[0,-11.046],[11.046,0],[-5.172,9.76]],"o":[[11.046,0],[0,11.046],[-11.046,0],[5.565,-10.5]],"v":[[0,-20],[20,0],[0,10.5],[-20,0]],"c":true},"ix":2},"nm":"Path 1","mn":"ADBE Vector Shape - Group","hd":false},{"ty":"fl","c":{"a":0,"k":[0.341176470588,0.133333333333,0.078431372549,1],"ix":4},"o":{"a":0,"k":100,"ix":5},"r":1,"bm":0,"nm":"Fill 1","mn":"ADBE Vector Graphic - Fill","hd":false},{"ty":"tr","p":{"a":0,"k":[-5,321],"ix":2},"a":{"a":0,"k":[0,0],"ix":1},"s":{"a":0,"k":[100,100],"ix":3},"r":{"a":0,"k":0,"ix":6},"o":{"a":0,"k":100,"ix":7},"sk":{"a":0,"k":0,"ix":4},"sa":{"a":0,"k":0,"ix":5},"nm":"Transform"}],"nm":"Ellipse 1","np":3,"cix":2,"bm":0,"ix":1,"mn":"ADBE Vector Group","hd":false}],"ip":3,"op":103,"st":3,"bm":0},{"ddd":0,"ind":43,"ty":4,"nm":"dust6","sr":1,"ks":{"o":{"a":0,"k":100,"ix":11},"r":{"a":1,"k":[{"i":{"x":[0.833],"y":[0.833]},"o":{"x":[0.167],"y":[0.167]},"t":3,"s":[0]},{"t":13,"s":[-60]}],"ix":10},"p":{"s":true,"x":{"a":1,"k":[{"i":{"x":[0.478],"y":[0.57]},"o":{"x":[0.06],"y":[0.144]},"t":3,"s":[529.385]},{"i":{"x":[0.924],"y":[0.98]},"o":{"x":[0.477],"y":[0.539]},"t":8,"s":[488.879]},{"t":13,"s":[459.385]}],"ix":3},"y":{"a":1,"k":[{"i":{"x":[0.481],"y":[1.644]},"o":{"x":[0.124],"y":[0.497]},"t":3,"s":[864.252]},{"i":{"x":[0.94],"y":[0.94]},"o":{"x":[0.595],"y":[0.209]},"t":8,"s":[853.005]},{"t":13,"s":[892.752]}],"ix":4}},"a":{"a":0,"k":[-5.551,316.252,0],"ix":1,"l":2},"s":{"a":0,"k":[60,60,100],"ix":6,"l":2}},"ao":0,"shapes":[{"ty":"gr","it":[{"ind":0,"ty":"sh","ix":1,"ks":{"a":0,"k":{"i":[[-11.046,0],[0,-11.046],[11.046,0],[-5.172,9.76]],"o":[[11.046,0],[0,11.046],[-11.046,0],[5.565,-10.5]],"v":[[0,-20],[20,0],[0,10.5],[-20,0]],"c":true},"ix":2},"nm":"Path 1","mn":"ADBE Vector Shape - Group","hd":false},{"ty":"fl","c":{"a":0,"k":[0.341176470588,0.133333333333,0.078431372549,1],"ix":4},"o":{"a":0,"k":100,"ix":5},"r":1,"bm":0,"nm":"Fill 1","mn":"ADBE Vector Graphic - Fill","hd":false},{"ty":"tr","p":{"a":0,"k":[-5,321],"ix":2},"a":{"a":0,"k":[0,0],"ix":1},"s":{"a":0,"k":[100,100],"ix":3},"r":{"a":0,"k":0,"ix":6},"o":{"a":0,"k":100,"ix":7},"sk":{"a":0,"k":0,"ix":4},"sa":{"a":0,"k":0,"ix":5},"nm":"Transform"}],"nm":"Ellipse 1","np":3,"cix":2,"bm":0,"ix":1,"mn":"ADBE Vector Group","hd":false}],"ip":3,"op":103,"st":3,"bm":0},{"ddd":0,"ind":44,"ty":4,"nm":"Layer 1 Outlines","sr":1,"ks":{"o":{"a":0,"k":100,"ix":11},"r":{"a":0,"k":0,"ix":10},"p":{"a":0,"k":[539.425,797.822,0],"ix":2,"l":2},"a":{"a":0,"k":[50.385,53.564,0],"ix":1,"l":2},"s":{"a":0,"k":[500,500,100],"ix":6,"l":2}},"ao":0,"shapes":[{"ty":"gr","it":[{"ind":0,"ty":"sh","ix":1,"ks":{"a":0,"k":{"i":[[0,0],[-15.179,17.93],[7.44,3.742],[0.791,0.78],[3.737,0.616],[0.33,-0.099],[1.155,0.065],[3.472,-2.533],[3.112,0.455],[0,0],[0,-4.36],[0,0]],"o":[[14.187,10.868],[1.917,-2.278],[-3.737,-1.888],[-2.446,-2.407],[-3.079,-0.521],[-4.631,1.463],[-1.29,-0.095],[-2.612,1.92],[-7.176,-1.042],[0,0],[0,4.327],[0,0]],"v":[[-43.303,12.72],[48.625,8.263],[35.266,-5.306],[25.644,-6.999],[17.907,-16.988],[-2.694,-21.771],[-10.266,-18.354],[-20.021,-15.041],[-26.275,-8.272],[-37.518,-6.808],[-50.084,5.752],[-43.305,12.715]],"c":true},"ix":2},"nm":"Path 1","mn":"ADBE Vector Shape - Group","hd":false},{"ty":"fl","c":{"a":0,"k":[0.341176470588,0.133333333333,0.078431372549,1],"ix":4},"o":{"a":0,"k":100,"ix":5},"r":1,"bm":0,"nm":"Fill 1","mn":"ADBE Vector Graphic - Fill","hd":false},{"ty":"tr","p":{"a":0,"k":[50.686,85.259],"ix":2},"a":{"a":0,"k":[0,0],"ix":1},"s":{"a":0,"k":[100,100],"ix":3},"r":{"a":0,"k":0,"ix":6},"o":{"a":0,"k":100,"ix":7},"sk":{"a":0,"k":0,"ix":4},"sa":{"a":0,"k":0,"ix":5},"nm":"Transform"}],"nm":"Group 1","np":2,"cix":2,"bm":0,"ix":1,"mn":"ADBE Vector Group","hd":false}],"ip":0,"op":100,"st":0,"bm":0}],"markers":[]}